activity,trial,student,window_idx,accelerometer_y_var,accelerometer_z_min,gravity_x_median,accelerometer_z_iqr,gravity_x_min,gravity_x_var,accelerometer_z_fft_dom_freq_hz,accelerometer_y_fft_dom_freq_hz,gravity_z_var,gravity_z_min,gravity_z_max,gyroscope_mag_kurt,gyroscope_y_fft_dom_freq_hz,accelerometer_mag_fft_dom_freq_hz,gyroscope_z_max,gravity_x_rms,gravity_x_range,gravity_y_iqr,accelerometer_y_median,gyroscope_mag_fft_dom_freq_hz,gravity_z_rms,gravity_y_median,gyroscope_mag_spec_entropy,gyroscope_y_skew,gyroscope_x_iqr,gravity_xy_corr,gravity_y_fft_dom_freq_hz,gyroscope_z_spec_entropy,gyroscope_z_skew,accelerometer_mag_min,gyroscope_x_skew,gravity_z_skew,gyroscope_mag_skew,accelerometer_y_mean,gyroscope_y_spec_entropy,gyroscope_z_fft_dom_freq_hz,gravity_x_fft_dom_freq_hz,gravity_z_fft_dom_freq_hz,accelerometer_z_spec_entropy,accelerometer_y_spec_entropy,accelerometer_z_mean,gyroscope_xy_corr,gyroscope_z_mean,gravity_y_min,gyroscope_x_fft_dom_mag,gyroscope_z_median,accelerometer_yz_corr,gyroscope_z_fft_dom_mag,gyroscope_mag_min,gyroscope_mag_fft_dom_mag
Running,1,Student1,0,115.16435966441745,-15.946595355039834,2.170393635422736,5.574623438526876,-1.2406494644254444,2.2435969474150053,2.5,2.5,3.5158063333940124,-3.283527165395021,3.2046351227268577,3.920759352184976,4.0,0.5,4.917154788970947,2.4851552393519816,6.126930975165963,0.4601454223029293,-0.0022384265765547,2.5,1.8720598014302416,-9.370931309075653,3.044468659211493,1.0381332943681905,2.4650704860687256,0.855751109640526,2.5,2.519211452014563,-0.0652245649323654,1.7536105120054282,-0.3497188551906258,-0.006119005391157,1.576997278057318,-1.8776868523533048,3.2402233267584366,2.5,1.0,1.0,3.2117716328664296,2.6533646447611656,-0.356704024696881,-0.3149643919522431,0.0567125481087714,-9.79835037368834,0.6773988236097825,0.0831851549446582,0.0744906379479921,0.5837192764631813,0.4132070040036215,0.5998656798552653
Running,1,Student1,1,208.7216681606088,-17.566781312179565,0.5790699992225505,5.066337195248156,-1.447881617411226,4.090770562583977,6.5,2.5,2.0991005882321367,-2.579484285531938,2.450566959848255,1.5701726887889231,4.0,6.5,5.173792362213135,2.398339074761742,6.21408421183154,0.5027246270962067,4.093340742501616,2.5,1.49039622675057,-9.578491817232964,3.2291887135013644,0.8740753348753887,2.6424438059329987,0.8741658121638457,2.5,2.3986429715779267,-0.4311565377074015,0.7862291806092342,-0.6927551775540995,-0.4944200033020927,1.1151318133964263,-1.290170465793684,3.0178182396744138,1.5,1.5,1.5,3.103423321132912,2.2466571189313047,-0.097518641880518,-0.3449167539854318,0.2563717071944847,-9.805487970483302,0.5387182655868828,0.4375898241996764,0.1306991997290751,0.8034141113230804,0.5704264690629768,0.6763762636780669
Running,1,Student1,2,200.83309466139835,-20.153510454273224,1.0492327932741492,5.541923055528104,-0.8790488067004829,3.52532595964055,7.0,2.5,1.6451020919962684,-2.8161975306764244,1.7807479827567934,4.455435864504164,4.0,7.0,4.647082805633545,2.5785849787743875,5.96363696730174,0.7191840426325786,3.192775465846061,5.5,1.2797332341320755,-9.660425711815058,3.315577828483596,1.6642925345288797,2.744435280561447,0.9334232986582868,1.5,2.232638638933954,-0.2157328523223609,2.8757724882972853,-0.8842602847226142,-0.3207458604620422,1.851582370382588,-1.444935375742793,3.127136395129872,1.5,1.5,1.5,3.415357262477491,2.5967830422074067,0.0964611800419501,-0.259885649261594,0.0403974132612347,-9.806375274711847,0.7700518190556775,0.5257006585597992,0.2328595082239745,1.0026148020672476,0.3140220523985473,0.5296888885956755
Running,1,Student1,3,195.08775078174568,-16.32232719477415,0.9742982195274904,5.627353998445719,-0.9738075499337164,2.421200639058181,6.5,2.5,1.1763786639657032,-2.058955267806351,1.7103420288830995,5.5720938023252256,4.0,6.5,4.437932968139648,2.1049720669651983,5.615544391251727,0.293840615250172,2.1831097630023963,2.5,1.1454872303014672,-9.662988840301336,3.3219117544126595,1.201790904985416,2.147064119577408,0.9363746011712776,1.5,2.561826013494052,-0.0683946921617043,2.2650530078554194,-0.7847344967867593,-0.7039487973199314,1.838774552981803,-1.8554105331677344,2.7488487398101165,2.5,1.5,1.5,3.362966165638579,2.353498793488188,-0.7058697632087452,-0.3162364765125875,-0.0336467383708804,-9.805887198933958,0.4856609439274539,0.096200231462717,0.3624248967804553,0.7131678263515933,0.2240679816482662,0.4787181530488956
Running,2,Student1,0,132.68767469115647,-13.879322633004188,1.0978086811989547,5.680882905668019,-1.657010397798568,2.5048655465794587,2.5,2.5,3.809762600300512,-3.681671620206535,3.198412302689254,0.7451682070847658,3.5,1.0,4.866615295410156,1.928120373198372,5.4988670270033175,0.4043396561898316,0.0760217479288577,3.5,1.9522405892814865,-9.508951248016954,3.0273329796851933,0.6592790703032296,2.5676346123218536,0.69460796219863,2.5,2.50440304300128,0.0390338594135867,1.3746459663982826,-0.36383104926333,-0.4198975254751325,0.9170622284830876,-1.5631957246371957,3.003279284979949,1.5,1.0,1.0,3.0282023038958634,2.473605876792992,0.28464632174345,-0.225263782053518,0.1978351570502854,-9.792480604872107,0.6599116545797338,0.2216399237513542,0.1474265969522668,0.626840968048572,0.6917241620036603,0.4368253985148995
Running,2,Student1,1,188.0242375209783,-14.902343491983412,-0.1846797001796308,5.653864148502238,-1.8221289176762103,3.951889893333124,6.5,2.5,1.7890813320215193,-2.5672762536048888,2.4473016744419933,3.648135052279792,4.0,6.5,5.490950107574463,2.0756171475085163,6.407540937443077,0.2275017646849164,4.897264969308674,2.5,1.4152398299972642,-9.5894992411986,3.275118843627842,1.0923613327357935,2.035556808114052,0.7983661462329612,2.5,2.5405962194133926,-0.122819019540674,1.0736774328981364,-0.848815760789521,-0.5541246451571736,1.6479953456439125,-0.7945764679915159,3.0784313810859665,1.5,1.5,1.5,3.284393171319484,2.317058149991704,-0.5339986996003184,-0.2635853996155863,-0.1282583314343355,-9.806597977551816,0.5221307800134652,0.0311676654964685,0.1449404662381568,0.8233826040914408,0.6165519458556827,0.6314646702836338
Running,2,Student1,2,187.6731478037198,-17.16820401890874,0.6450023696124554,6.91439250827618,-2.01518086187914,4.139214223481045,6.5,2.5,2.3601590468411824,-2.591187290546298,2.6078324281379577,5.591519761476569,4.0,4.0,5.581780433654785,2.448596089102438,6.861556478688865,0.616802841696888,4.953927644512058,5.5,1.559363814393417,-9.551688858242333,3.364239569292259,1.474478056863856,2.570731669664383,0.8619982867315009,1.5,2.525765483429685,-0.2245787917513453,1.493891479026079,-0.6564023205873202,-0.3883309792696199,1.916919015893063,-0.4376054545190186,2.9863191311441657,1.5,1.5,1.5,3.3151369644352164,2.415500891496175,0.2083111108908371,-0.2437077212005501,0.2199350386369042,-9.80650153144002,0.6749320340970195,0.4217639416456222,0.2072730474208018,0.9012478826244,0.5413881092297262,0.5163399844749977
Running,2,Student1,3,186.3745713837326,-17.163173623526095,0.7141361115932464,5.854082586801052,-1.4988227000974117,3.649772535031215,6.5,2.5,1.7996550887630671,-2.624602068892121,1.8822531315103173,5.479670870719669,6.5,6.5,5.1974945068359375,2.3300175884229177,5.763340385732799,0.571114564972369,4.472444689017534,2.5,1.3382123325922195,-9.637401979102194,3.235161067846358,1.438656601979592,2.8003917932510376,0.888878946757062,1.5,2.258395429910817,-0.0143385228158396,2.463297803864488,-1.0121091785129752,-0.469787347385571,2.0073001843851896,-0.9549157732329516,2.850997587470298,1.5,1.5,1.5,3.224181891049007,2.565771062951518,0.2708827545010112,-0.2915611621836457,-0.0065642867051064,-9.806491010046004,0.6376677364378289,0.2492858916521071,0.1924078195741812,0.8546748845522422,0.7756155924095857,0.6770305198992332
Running,2,Student1,4,91.54350691342846,-10.180602555102109,0.1281945780668174,2.735821724857064,-1.880940003085136,1.1420828084021588,7.0,2.5,0.6432394181760678,-0.9601410628266632,2.467268942193687,1.8711080795162616,5.5,0.5,5.429533958435059,1.0823833476031992,4.370110103702545,0.2004034760095177,0.425051458698511,0.5,1.4273159339161603,-9.685683487190309,2.912330845893744,0.8518376625351484,0.7629983127117157,-0.262588958956748,0.5,2.8822555564810104,1.3765905347950305,0.2699575613874889,-0.2858368402412657,-0.3384415024457538,1.3986601342312135,-0.5892651591491849,3.177286920193301,1.5,1.5,1.0,3.2128227215664,2.7813033744582083,-0.6420815257854554,-0.2889356357109419,0.0920790463429875,-9.789576115602255,0.3072672265304908,-0.0922542251646518,0.1225024128275735,0.4252437403762881,0.1482527627945113,0.7245097323780973
Sit,1,Student1,0,0.1419839737173416,-0.6352408540546893,-3.910205066026747,0.2248258600065483,-8.435672027918695,3.82543789015286,4.0,2.0,0.9030618583524164,0.0292787699530599,3.609105273428559,-1.249534053706441,0.5,0.5,1.0564237833023071,5.582617005262925,5.052891292089223,2.655167887547612,0.0861798615887761,0.5,1.2143494755608688,-8.984408902996778,0.7823090750709266,-2.1747028791015146,0.1615825442131608,-0.9738872342416734,0.5,0.82507657124897,0.4342418259908789,0.0111364006852356,0.6487726746562154,1.7302606713856843,0.3685571659207033,0.1199729381176903,2.0741626806404927,0.5,0.5,0.5,3.0803945138529114,2.8537154005629826,0.0159499178961918,-0.54706421815199,0.3814863920037169,-9.204669610512257,0.0433550095949101,0.1654456108808517,-0.2832337009132999,0.2579236960916375,0.0132986026546959,0.2777669395228784
Sit,10,Student1,0,0.1654406457280834,-0.8735644570052623,-0.6038356254329904,0.3074159169424324,-4.617396473048627,5.899044053785316,1.5,1.5,2.732623052805383,2.126690687296539,7.332804309764504,0.0328893802735796,1.0,1.0,0.9616019129753112,2.6871232749008023,6.564091097070276,1.6915075645536195,0.0475417956367134,0.5,4.107892124615478,-9.2674414162457,1.321781090878592,-0.6414891928958328,0.3433743212372065,-0.853550370236593,0.5,0.9379569072915568,0.3609072096660577,0.0605118127469717,1.321984353955309,0.990650984305964,0.5886339245858296,0.0456776428100392,1.6367830752444184,0.5,0.5,0.5,3.01561809624016,2.866265178947204,-0.0728254017649181,-0.6108210221913974,0.402152037601918,-9.47117301376462,0.1658689535606315,0.3656223565340041,-0.3642369675326998,0.1447413065865697,0.0718098785991566,0.2143070673897561
Sit,2,Student1,0,0.1105806189796525,-0.7327502111703157,2.0769570076387374,0.2483823844218625,-3.254903712978959,3.6258963741612886,5.0,4.5,0.6727089937944429,2.357797782997042,4.771735970889032,-1.045439984680473,0.5,0.5,0.7719732522964478,2.277791829774022,6.123041858772933,0.1515294088557368,0.0404749259904026,0.5,3.2991150695106555,-9.076800478707256,1.29310498244687,1.193065018012909,0.2129032900556922,-0.905554967766102,0.5,1.2688569722218934,0.311802700521572,0.0406149722539865,0.607591333711745,0.523651857498525,0.4256570233912515,0.0664493222797959,1.8897865690159743,0.5,0.5,0.5,3.104382819832353,3.22754163164864,-0.0563258327740132,0.4000267498850546,0.2828414257906843,-9.152153241333364,0.0606837462848536,0.2678527235984802,-0.4339446531042025,0.1430162719353104,0.004551504055803,0.1840298942392232
Sit,3,Student1,0,0.1851622131694417,-0.826893306723237,-0.906695194245316,0.2957738848676904,-4.281007048143446,1.996087821663756,2.0,1.5,2.702129094420052,1.3213738370873034,6.041753276357055,-0.8010042946667277,0.5,1.0,0.901382565498352,2.056087701749172,4.493726363836043,1.507157982244344,0.0591349105358122,0.5,3.6995109395768497,-9.36338630052358,1.6873331495501709,-0.1076720109025005,0.3906621094793081,-0.9555910227531568,0.5,1.163861110026214,0.3511206700560088,0.0464715451809479,0.0730608871626394,0.3812631876682671,0.4313458621550739,0.0647361207698285,1.8474769959070032,0.5,0.5,0.5,3.004344206350652,2.8450137597497016,-0.0269612307133562,0.3830627133119437,0.1959269591723568,-9.667359018209575,0.1232313318934263,0.1179570965468883,-0.3853352236954501,0.2022468139900899,0.0436820871880779,0.140678221970688
Sit,4,Student1,0,0.1246130926975471,-0.9815098679393528,-3.957590502057969,0.2472122811965644,-6.848068489953875,1.534508412204153,4.0,6.0,0.8926936199892975,2.2494017056860027,5.477119743967056,-0.8927232232818159,1.0,1.0,0.8206198215484619,4.801105383222311,3.302657105539739,1.674502215347439,0.1172381399363279,0.5,3.1573915578160383,-8.65456203160286,1.2659687036513871,-1.473467741643542,0.3557949126698076,-0.9682152189781128,0.5,1.3577349649159491,0.2140623483110133,0.0385287763243536,0.6666442507158685,1.3602267930194083,0.4607946215315842,0.1263666767397523,2.247920064426598,0.5,0.5,0.5,2.9847559080192503,3.094543098450858,-0.1386590566367879,-0.0728852972622551,0.2864214851753786,-8.846838169127702,0.1114232725177991,0.1665719375014304,0.1366939731132941,0.1804860936160435,0.015837414348956,0.2320534486326351
Sit,5,Student1,0,0.0948935891052478,-1.0194472382761537,-0.7189588190419599,0.3261241976089775,-5.334353779542446,6.408327953650692,2.0,2.5,1.3083080959636868,1.136377042915672,5.419187194958329,0.380299048129094,0.5,2.0,0.8401316404342651,2.7613123127826715,7.314630939692258,0.8826905972689385,0.0459770305380224,0.5,2.749700663708486,-9.474697973020373,1.6748718162864442,-1.2180826245424192,0.2488237712532281,-0.8749832411760258,0.5,1.3811775051582322,-0.1917403761639967,0.0482827029261187,0.8390670021235798,0.7498806962064014,0.3020481851089381,0.0323319369321316,1.514797431026542,0.5,0.5,0.5,3.169022108919253,3.016163107872193,-0.1054895674220789,-0.59462763822292,0.4038222058210522,-9.665907650357484,0.0831690209486062,0.4108332693576813,-0.2803022438348908,0.120613500392092,0.02368999281319,0.1162121683420514
Sit,6,Student1,0,0.0995997199371447,-0.9213755711026488,2.5825872199833397,0.272615145864617,-2.939328528043628,4.588927871559997,10.0,6.5,1.6842249495338988,0.9775443253092468,4.9883963158249855,-1.1756788831203222,0.5,0.5,0.7197054028511047,2.618803866714672,6.457146095350385,0.0935840003654338,0.0156359605491161,0.5,2.6728294600311684,-9.157456316177546,1.826732041358941,-0.4008075876473524,0.2466765176504851,-0.7208591524451131,0.5,1.188679165557743,-0.1623721691484285,0.0677194723140919,0.7596418020068226,0.4051288393614327,-0.2998698856500653,0.0314638284024447,1.4498830481019969,0.5,0.5,0.5,3.3723583615267256,2.9894163750609017,-0.1504500760346874,0.3449054954844609,0.2863640112464782,-9.30973975827098,0.0671107259868105,0.3394779413938522,0.0078457980746968,0.1550248444893006,0.0183723374679928,0.1548460136266492
Sit,7,Student1,0,0.1747769074910408,-1.3017358012899756,1.1702531551629305,0.4140313579143955,-3.893829100765288,7.076470375154973,5.0,1.5,2.7513758820479457,1.0008063237573952,6.153147950962185,-1.4412730665389837,0.5,1.0,0.8385388255119324,2.674810628384501,6.975575510448216,0.5508635118432323,-0.038499242003262,0.5,3.287718591917898,-9.251343391142786,1.1938985646336278,0.6923138921265234,0.3801551628857851,-0.8187633292802569,0.5,0.757906202673121,-0.0493211858470109,0.0658232271387471,0.8999078596929052,0.4903521747455268,-0.0891825370269884,0.021115561003983,1.462893548062686,0.5,0.5,0.5,3.1625427669660064,2.8332936941952807,-0.0677375445925835,-0.1842412676840948,0.3396728805569,-9.378790498143434,0.1484128398898984,0.3826232701539993,-0.1123110765352848,0.1694531123082535,0.0118538915650587,0.2321883398081027
Sit,8,Student1,0,0.0846311470577845,-0.6665396631598473,-1.6347887752488257,0.3702056236587464,-3.919685134294629,6.855036838980879,2.5,3.0,3.536083616696916,1.098795281083509,6.852898394328356,-1.209892547623315,0.5,1.0,0.7924506068229675,2.826831273097914,6.778690417823196,2.292820868434757,0.0838657394275068,0.5,4.29726394673911,-8.963770019593834,1.2428296874581215,0.1446503637588757,0.2307997196912765,-0.8375783766982912,0.5,0.5816605183646776,-0.0219469283619437,0.0777263991221493,0.6319218393241582,0.1945044956622414,-0.5360046096034171,0.0465850589755028,1.0520079200379002,0.5,0.5,0.5,3.148644026178668,2.825401317241316,-0.1015998665071595,-0.4308758015869157,0.3600232345401309,-9.414589541277287,0.0915375035212508,0.3820276111364364,-0.1614539575167868,0.1557447456457988,0.0911855956158293,0.1616488945875792
Sit,9,Student1,0,0.0642514495776536,-0.7000777756243943,-0.6104048112228513,0.2938736042043193,-4.545654594396055,6.732872859572306,1.0,1.5,2.4489627418535678,1.3654353893928228,6.892976137694716,-0.4405200870559733,0.5,1.5,0.7317071557044983,2.6922133818616856,7.024054294674099,1.2400716645374883,-0.0234136088132857,1.0,3.672816867725752,-9.220891846516729,1.763787381749464,-1.1294991359890634,0.3469596765935421,-0.8555547896453888,0.5,1.1012934396529854,-0.654527258979343,0.0582201353761564,0.6096632189738317,0.4326006820968235,-0.5472422347867504,0.0236778039395958,1.4536540066364678,0.5,0.5,0.5,3.3002005886108563,3.049608783234817,-0.1011778895605355,-0.5428089584673931,0.3799803400726523,-9.474874790892004,0.1027002524838485,0.4750193655490875,-0.1230835050149195,0.1197928942197383,0.0183501623984718,0.1284336457973133
Stairs,1,Student1,0,4.837924522149835,-4.39189377322644,-0.6871653582876548,2.664274866453092,-2.803134050963819,1.687938063521646,2.0,1.0,6.865922916159341,-1.537110637437552,6.536151243004203,-0.898278654634451,2.0,0.5,2.857924222946167,1.5072247381582955,4.457227830663324,1.5673562842279676,-0.725448071463406,1.0,3.623054224151504,-9.493390690791609,2.0509391672989823,-0.1446415811595404,1.4745481684803965,-0.8467229240239597,0.5,1.6380851063171442,1.329320032939434,0.7040736710033835,0.6162573177262752,0.0589903537548883,0.2762831534778345,-0.4435955325531959,2.2298221347946687,0.5,0.5,0.5,2.4029430904086366,2.2835927289444147,-0.3983881162318279,-0.0822685678586857,-0.0938672407832928,-9.806485164827109,0.7303281126161436,-0.2640245258808136,-0.3062921141773121,0.4125016587283777,0.2504350259403417,0.3770156859454502
Stairs,1,Student1,1,4.111936431554418,-4.501728651168942,0.081594775987952,2.041084205148928,-3.3557059741601347,2.51306932173133,1.5,1.0,5.505057983168962,-1.5128247758343816,5.857998883461952,-0.6041134588920554,1.5,0.5,2.604277372360229,1.733188945716727,4.929329355958849,0.9710254449345186,-0.0093429978847503,1.5,2.8279773935665107,-9.668124157363176,2.065954842720224,-0.1636422287339204,1.4742879122495651,-0.90687521161183,0.5,1.6165596616323898,0.6818215364643754,0.3208565075514117,0.6189084689507129,0.4635446938314129,0.42154910186867,-0.138261597826153,2.5680671862619406,1.0,0.5,0.5,2.7853538366831225,2.444195925114865,-0.1816666927769901,0.0423068508249687,0.0507994887465611,-9.805460497954488,0.5376509762207342,-0.0505446977913379,-0.207710177667362,0.4098272580638816,0.1966773922680607,0.2996615435429245
Stairs,1,Student1,2,7.243948751626605,-3.70658657349348,0.0226775596130857,2.233753324046731,-3.802312262062728,3.3217351264680444,3.0,0.5,5.291403189667137,-1.7075227336786687,5.873012912720442,-1.0399801426017083,0.5,0.5,2.694596290588379,1.945932147918094,5.465375237898528,0.7126059794165194,-0.7153826045230031,0.5,2.688323947564052,-9.61349386477023,2.243649667340717,-0.2056109384714045,2.004901960492134,-0.8726407790600367,0.5,2.174890624217928,0.6166269440334032,0.2353526310336426,0.0441818457983256,0.3915691487788152,0.1385667777428217,-0.7742859479443878,2.3405376069949404,0.5,0.5,0.5,2.736168383105127,2.5573839599717942,-0.1288173530782591,0.1853849687827546,0.1681864205980673,-9.806112824383378,0.6182791522961572,-0.0500620435923337,-0.4471589269620721,0.46658208399078,0.2177468026424756,0.3147286710101539
Stairs,2,Student1,0,5.907233268000538,-5.304509845420718,0.5762526767794973,2.0624492839345705,-2.304616812429577,1.825964094742804,1.5,1.0,7.660846261612797,-1.8992587729774413,6.366821681302786,-0.9151463850964552,3.5,0.5,2.8053348064422607,1.3676056224613482,4.482401581016928,0.6008692133754518,-0.2118243030816315,0.5,2.9947676078233965,-9.586302490983902,1.829463865756704,-0.809672688791725,1.1037219166755676,-0.8532587513803779,0.5,1.343737267789381,0.9670922676481007,0.2231535644972248,0.3080080316510991,0.5291887984365763,0.4830921508263729,-0.2412119331127852,2.5693096472991988,1.0,1.0,0.5,2.650846223243433,2.369967717315821,-0.3760395463960994,-0.0162447103540427,0.0792111635021865,-9.707107675752043,0.4952861616131129,0.1557584032416343,-0.4733913395420559,0.4957352245146854,0.1033765770832355,0.474678158787178
Stairs,2,Student1,1,6.963021156967274,-4.4244232931703324,0.7581355949806049,2.422334771772101,-3.3049054689884185,3.278312536078088,1.5,1.0,6.183011901031087,-1.73701025557816,6.180697636666894,-0.6038029415196489,1.5,0.5,3.165767908096313,1.8104968346902768,5.919896244448424,0.776447606338559,-0.0326601605862378,0.5,2.8271649245447605,-9.612040451091527,2.023198920735998,-0.7083265214516266,1.261923961341381,-0.8530446998190997,0.5,1.7309547578695457,1.0198805314366823,0.7271534727528132,0.6218526923715381,0.5346798157492061,0.5075241364851318,-0.2475704791331737,2.5176275434997843,1.0,0.5,0.5,2.8887484425499625,2.6092289518013096,-0.1250118990293056,-0.1105410339960107,0.0758004900510423,-9.773236390697956,0.5510896769553733,-0.0508772823959588,-0.3097691200134456,0.4883707050443274,0.228325555204684,0.4010395504477433
Stairs,2,Student1,2,7.946198237860943,-4.34920380153507,0.4343721534199081,3.0911716059584164,-2.861015454307198,2.4969370504395223,3.0,2.5,5.684693861055095,-1.698757681812346,6.016198563861846,-0.7370412999305049,3.0,0.5,2.8083364963531494,1.5775528693267102,4.930635616251825,0.6686128161720912,-0.7889636813014745,1.5,2.807468402036304,-9.569178922225536,2.6345528885921685,-0.5278891390065221,2.1340694278478622,-0.8449591027718235,0.5,2.3292184810472323,0.5637927683690768,0.5833592384440957,-0.0086055944699115,0.4063486988955734,0.2021185133599053,-0.8346586069624871,2.462487762947432,0.5,0.5,0.5,2.6105891827785888,2.494605349607414,-0.2743217294908147,-0.012510510710895,0.1496181685198098,-9.787825472542645,0.6226161189200259,0.1340846568346023,-0.4494427798617524,0.3897930474120608,0.1975905398717513,0.2896324249617792
Stairs,3,Student1,0,4.9255282381875,-4.271558544057608,0.5946722218988463,2.135186420702189,-2.19381133588925,1.8738444094982156,1.5,1.0,7.633434433771932,-1.639351260858774,6.482666321054101,-0.5253936889263402,3.0,0.5,2.515599250793457,1.3838455460308672,4.434953455013036,0.835361567600069,-0.2631991010099649,0.5,3.149928309145541,-9.563605213746428,1.7823905583188588,0.1012083791774758,1.3269488513469696,-0.8691567855541186,0.5,1.3662947251284734,0.8492315800923059,0.197429268381111,0.4359793802097962,0.4582328335866416,0.6144441361293089,-0.172687429529786,2.372967509020308,1.0,0.5,0.5,2.321994441670109,2.2925640494654576,-0.3608423618613854,0.0508127808197518,0.100335895481985,-9.76240987625718,0.5675938491623493,0.1204829961061477,-0.4619228817193663,0.4843171450200099,0.1114283435548819,0.4409381913628211
Stairs,3,Student1,1,4.411547756433762,-5.718137992829084,0.6831619678651913,2.106708514236659,-2.736417599257827,2.3781804165272398,1.5,1.0,6.490534031089914,-1.4858372540570794,6.296861425369977,-0.6378321280187311,1.5,0.5,2.498263359069824,1.5392377555633416,4.863422613200545,0.7552033043883721,-0.2032099117323756,0.5,2.957201067836811,-9.621978784520923,1.674045294087937,-0.1208998782686198,1.0933050848543644,-0.8904383406964765,0.5,1.6352859163632107,0.9160772157497764,0.2415615086314458,0.642280932857614,0.504800312473828,0.6145790200351544,-0.324216777010724,2.1096545392176105,1.0,0.5,0.5,2.5086068614491674,2.2582394717482246,-0.2944192066172967,-0.0877414331327264,0.0468561443244107,-9.784431738451122,0.5352006486044952,-0.0522771999239921,-0.471207093666835,0.4268521044981822,0.1328907762852091,0.4132978067371757
Stairs,3,Student1,2,4.68120166155232,-3.5758231815516948,1.1532504728378727,2.3558808069271966,-2.926413809151948,3.417722630443462,0.5,1.0,5.4185777612307175,-1.7693256943799551,5.326778375852108,-0.9942383215514604,1.5,0.5,2.4712703227996826,1.8638482606204645,5.426203795722127,0.4298471685424463,-0.4817284546881913,0.5,2.5782105830662685,-9.530087267287076,2.253956024282572,-0.0821921944689513,1.5879084318876266,-0.8509724931266303,0.5,1.5885522154713103,0.544061204496527,0.3587269455978771,0.4171909970103107,0.3692304504597917,0.2937513559852955,-0.600905494649142,2.26140383209002,1.0,0.5,0.5,2.4985750889182574,2.2495239770594813,-0.0728993038720782,0.0256360789562631,0.0299145157495513,-9.713217683064936,0.6103229506253475,-0.0650886297225952,-0.446483534047905,0.4265713768538716,0.1148074808003164,0.2995136780537065
Stairs,4,Student1,0,5.110934103484725,-3.9624022862538695,0.4599053847356699,2.2291967201882974,-1.5104355426102876,1.7131575782161217,1.0,1.0,9.672996478810472,-1.6358274706467986,7.056942126536369,-1.2518866879647714,1.0,0.5,2.183483839035034,1.3504577194876786,4.109418309338391,1.98164318780601,0.2418859716072678,1.0,4.235821790077748,-9.19788243459016,1.511259963590843,0.1963835528032999,1.518670633435249,-0.8808567638748137,0.5,1.840932511188492,0.6186742018983574,0.761019169675173,0.2081297768066121,-0.0610317538029644,0.3416346164347542,0.094541970367834,2.5797304854419645,0.5,0.5,0.5,2.344457106689982,2.27413277292975,-0.4270215546563863,0.0148896824232894,0.0413852584152482,-9.722492291888594,0.6998331459780697,0.1213115230202674,-0.4753831334611215,0.3182629206720248,0.2325254206593594,0.4514307677764013
Stairs,4,Student1,1,5.311732289641832,-3.097935035678744,0.8361907484332098,1.841743353402242,-2.221125313141942,2.591807245946368,2.0,1.0,5.507019097272418,-1.526284707518667,5.634585264873504,-1.095169803415592,1.0,2.0,2.1412625312805176,1.6546113044554955,5.015777951486408,0.9108508160874252,-0.635312457986176,1.0,3.159969593786386,-9.40111748076379,2.0960620340270784,0.4306970528799184,1.3002130389213562,-0.8610533984448623,0.5,1.6433761132771028,0.7462856021054611,0.598148802841419,0.5849704338768713,-0.0968714699915317,0.2848063374300374,-0.2952032672924548,2.391167927282208,0.5,0.5,0.5,2.846505860617897,2.5691788049959894,-0.2442472630410669,0.225935413461344,-0.0607384576718322,-9.696615507832169,0.5947934185765165,-0.1893735900521277,-0.3348539661523635,0.4126790578557738,0.2444467175896164,0.2724958014680949
Stairs,4,Student1,2,5.176497493717677,-4.142034338521957,1.0703224526518955,2.51886761200577,-2.61222072622478,2.7597823372766803,2.0,1.0,4.887655040483424,-1.7232912345662712,5.423720162212848,-0.6999504248709028,3.0,0.5,3.114142179489136,1.7014558475255708,5.267153635972738,0.3513242514476182,-0.3917340032473205,0.5,2.4679180471062825,-9.569778057162464,1.7888641691178784,0.0997020844252857,1.1334370113909245,-0.8386818616372766,0.5,1.7273715331478292,1.022101490993593,0.5241881796690326,0.6031811050828401,0.4975166549049928,0.482436526927259,-0.2330713113681674,2.3540541218077498,1.0,0.5,0.5,2.767470708255512,2.188582933830424,-0.1825254144331179,0.0143732542730721,0.0888041424192488,-9.74195277916193,0.4682975626222541,-0.0615211240947246,-0.3320770922438231,0.4714415314857396,0.1760154491219922,0.3521882506366288
Stand,1,Student1,0,0.4368668472701417,-1.1022294202506542,-7.89820707296133,0.3574379120223223,-8.19932995417416,4.235139900227946,2.5,2.5,1.05329914420456,-0.4069308051941916,2.140733971826732,-0.8348612215791769,2.5,0.5,0.5700209736824036,6.932976203174482,5.649956437006592,3.203273040593416,0.1756912056878208,0.5,1.4527484399278567,-5.570875009246171,1.1343164133410986,1.0195314998645693,0.1044819685630499,-0.9789404366605104,0.5,1.36901876700769,-0.7239773838099307,0.0456587685294041,-0.4869502778722397,-0.2557507877565024,0.7229399110935195,0.2059326380754113,2.051931939495344,0.5,0.5,0.5,2.7392289458743875,2.722189124506156,0.0418965555150385,-0.1509641175524306,-0.3461916979309171,-9.469464456281065,0.0421250391268044,-0.1298627257347106,-0.1038553518353178,0.2805312967658499,0.023387627870449,0.3380334198368785
Stand,10,Student1,0,0.1709139194890064,-0.8719923853829502,-3.4364370688237247,0.2517611036073415,-4.765967616620659,6.58513485054757,0.5,1.0,3.1473426095871604,2.55576701759696,7.4282660867005585,-1.2928458266016123,1.0,1.0,0.0038238130509853,3.337622625537495,6.547389699246734,4.178771831549705,0.1332499480605125,0.5,5.317679240562515,-8.13040868590027,0.9472196487079416,0.2601656374181688,0.3464794158935547,-0.8664808878794874,0.5,1.01489221209798,-0.778348652480515,0.0458448106462211,-0.9558703537549244,0.3177870956234162,0.296763688036638,0.1277940748104527,1.7245063590089054,0.5,0.5,0.5,2.803706707094265,3.006404946857821,-0.0164766053178161,-0.5077404645388689,-0.4081200288236141,-9.298654300633071,0.1393514670735359,-0.320128172636032,-0.5142375924853912,0.2007730729235962,0.0196092108296833,0.277169307977987
Stand,2,Student1,0,0.4409245236342826,-0.6966957319706678,-6.249416660366952,0.3428012647088616,-8.596330791908501,6.802775210286476,0.5,4.0,0.9146945089985856,0.1815615407596342,2.882088637474179,-0.5927268972966773,0.5,0.5,0.2312485575675964,6.280006897535888,6.027444180497526,4.986592408208178,0.2743009252607822,0.5,1.4180272137977536,-7.541848042216896,1.0052327702667478,0.0418695977645078,0.2113312948495149,-0.9761981969113532,0.5,1.1200399266169965,-0.9177413749218334,0.039866859262007,-0.0614804361259062,0.9194716468559734,0.6679876008056805,0.1885819226494058,2.3606761273836434,0.5,0.5,0.5,2.910220114441392,2.843622440165185,0.0125950912712826,-0.0773743637552794,-0.4334438706375658,-9.459733920383451,0.0510867463145195,-0.1891080811619758,-0.2274810377774434,0.3199919006873258,0.0702500986134037,0.2842312934519623
Stand,3,Student1,0,0.19346048408656,-1.018207321217656,-5.849701595237852,0.2988727641984819,-7.737709637013078,8.347189563951579,2.5,2.0,0.5769654844392249,1.290025343621522,3.61703811225444,-0.9285006629305044,0.5,1.0,0.0930362045764923,5.567579500732961,6.691887309769541,4.385438313476742,0.0886217017829417,0.5,2.663273414773673,-7.509466114050149,1.0991151142189852,0.4536354616969461,0.2090428310912101,-0.9700897626373766,0.5,0.7809378334309823,-0.8998132797081076,0.071935669920394,-0.6525544134415817,0.3404123981896403,0.6051194260837667,0.130592924900487,2.2655463396048567,0.5,0.5,0.5,3.006631149484313,2.7680861296413624,-0.0234506141634695,-0.1331655518267915,-0.43761931482004,-9.650950904244183,0.0556419248733953,-0.1200385205447673,0.0893098221317131,0.3343856521319914,0.0197098219342544,0.3164108793748122
Stand,4,Student1,0,0.1083348777857246,-0.8476157767564058,-6.855273306766152,0.329635201404616,-7.446466929301619,2.080150185746956,1.0,1.0,1.2153106900331556,2.416072423441708,5.267407318472862,0.5820935875328419,1.0,0.5,-0.0154824359342455,6.122561680684496,3.977514807450771,3.922761473000048,0.2092908390812575,0.5,4.043536200638699,-5.850196685278416,1.0065945917455903,0.082757349223857,0.2276298619108273,-0.9470118139879218,0.5,1.6768246298171108,-2.045242226552596,0.1716480358701023,-0.2312489232892655,0.0634871050969918,1.0201552240088736,0.2162799527031927,1.5498798898589563,0.5,0.5,0.5,2.979571595410179,2.570866835823573,-0.1369448197924233,-0.6113368215720972,-0.3329420813964679,-8.823243358528613,0.0648779650966875,-0.2447483837604522,-0.236964493665113,0.1632343193589513,0.0358465551938487,0.2264574688198256
Stand,5,Student1,0,0.0925221705882688,-0.6917290494740009,-6.10796908506453,0.149614222884178,-6.231856161496043,2.332392100968324,3.0,1.0,1.3649494709707708,1.4185611226417123,4.686201713727415,1.576285452458933,1.0,0.5,0.0077622467651963,5.636353688959272,6.93466891504228,1.619932713031023,0.1199643500298261,0.5,3.8975373702338176,-6.234337749178707,1.8573346913674849,-0.950917233842095,0.3599501247517764,-0.9001800976910169,0.5,1.923684346619922,-1.8566285382992425,0.0396154745879395,-0.522438405075525,-0.8468574978791762,1.5645540381238958,0.107359416049242,2.270944541394847,0.5,0.5,0.5,3.044103724463854,2.8776949965775493,-0.0259145120217948,-0.0295653371917081,-0.4241875409788918,-9.703283149027824,0.1169126256628835,-0.092193093150854,0.0060370245138918,0.3107609234104083,0.0054248537113574,0.3405797437230983
Stand,6,Student1,0,0.0636899903448715,-0.5559837774664164,-3.5318054683879017,0.2403090776793658,-5.398377046641707,11.327743332128405,1.0,6.5,2.708883742893442,1.4647221314445138,6.027931671753525,-1.0005791615261488,0.5,1.0,0.1922975778579712,3.909527033689848,8.250955219732225,3.017103257119655,0.1068669680476188,0.5,3.967122596685855,-8.562183607634902,0.6304297704715123,0.762438736570172,0.3091279007494449,-0.8618253773436165,0.5,0.5582023485107354,-0.6379902895786049,0.0785549086163549,-0.3767699424162235,0.3031197929369839,0.3460598067794697,0.0980993238267153,1.625642772038916,0.5,0.5,0.5,2.904480518215628,3.144961114139499,-0.041531564018432,-0.4880970312682868,-0.4659395544114522,-9.47960065037012,0.1140130703264075,-0.2674179524183273,-0.0775257672436234,0.2903595538516189,0.0343940550521614,0.2822294319203041
Stand,7,Student1,0,0.0805553643256186,-0.4202279840648174,-3.907276319098473,0.2007253283750264,-4.650348894579708,4.789406808390277,1.0,2.0,2.00549431846865,2.658869664674997,6.36431349787414,-1.7542684339700405,0.5,0.5,0.02562116086483,3.70006630249207,7.325171330668032,2.968551992179452,0.0670335548311472,0.5,5.27134341918311,-6.499375171531737,0.8348847981974568,0.0481318650256045,0.3191726005170495,-0.8754775963201169,0.5,0.6494228140358692,-0.3085648097768623,0.0203015238054626,-1.3526693205360687,-0.4981242656325784,0.038694124497688,0.0501475123878717,1.641043461268664,0.5,0.5,0.5,3.302788642002809,2.641781102721711,0.0050679552979692,-0.547601407248891,-0.3959506896871608,-9.309237069445848,0.158860328697511,-0.367746815085411,-0.182804599865793,0.2378227718519967,0.0030727707469026,0.2927930627675791
Stand,8,Student1,0,0.1248431733369182,-0.9921563496381044,-3.56508054600209,0.3230886293053626,-3.99667075881958,6.183355679755072,3.5,4.0,2.3176180181603474,2.888461387376488,6.936776116454601,-1.2568750438353704,0.5,1.0,0.1840303689241409,3.163715671317163,6.723745360192655,2.991287409470231,0.1076744850382208,0.5,5.368148774966194,-7.59270992218703,0.8040819653107872,0.0588388187381851,0.3425171487033367,-0.8051273802421329,0.5,0.8147555861638642,-0.7014856919776942,0.0275085663551806,-0.9415955894557404,0.0169894460202027,0.1718176789286129,0.0885696238051801,1.7317459766437986,0.5,0.5,0.5,3.1056751580649915,3.1164699516457266,0.0081222838316336,-0.4935365692739768,-0.3610138891311362,-9.106194623234869,0.1317804816066158,-0.2449943870306014,-0.4919444148220885,0.230070912830603,0.0211517866988466,0.2619222340589176
Stand,9,Student1,0,0.0536239764895739,-0.6721738696545362,-3.77715034827739,0.2557384097404777,-4.242912003026903,4.033517901405587,4.0,6.0,3.598716055396807,2.589984052236378,7.628803856614231,-1.384433721090064,1.0,1.0,0.0613838359713554,3.2710800277402603,5.404554347037152,4.354299663369358,0.1250102352425456,0.5,5.835133819676473,-6.786363144408166,0.6085288825198594,-0.1206265639051867,0.4781516045331955,-0.8747249124369666,0.5,0.8083064579878116,-0.6260270031587652,0.0539977768549501,-0.5831518437904416,-0.1988908980871121,0.2975504244227063,0.1548008975005522,1.7211225397105845,0.5,0.5,0.5,3.0509385467846206,3.072227356207051,0.0281289059808552,-0.4411109078133368,-0.3341639821417629,-9.386850470480322,0.1584346428906352,-0.2861035019159317,-0.0399178401187343,0.200817529896442,0.0318892306369318,0.2712107080488759
Walking,1,Student1,0,12.81537450735814,-8.826707819768785,0.3627265382160431,4.512137122860737,-1.1795010221101343,1.3307508911917056,1.5,5.5,2.7959645184861426,-2.288034803202004,2.699866276451945,3.133357694281375,4.0,1.0,2.038116216659546,1.2026479081314052,3.353274216968566,0.1965488464079801,0.0998202644065022,3.0,1.829479927723943,-9.552965454049406,2.626476921025501,1.1065356574036644,1.186794601380825,-0.1365472870899997,1.5,2.306137938838879,-0.0494028708924354,1.2141902518865342,-0.2074976494088364,-0.6263474421156376,1.6278696571307798,-0.1976741767178327,2.465057427175795,1.0,1.0,1.0,2.3966684870822883,2.879529140964441,-0.2600946449750196,-0.2787285345448604,0.2285240874253213,-9.771221543744206,0.3926607810569686,0.2624876350164413,-0.2703037189790478,0.2933194376511572,0.2824719391739997,0.3002519237985289
Walking,1,Student1,1,15.007123778502152,-6.1054334291070695,1.057545169469528,5.5086431556083255,-1.3504308586150406,1.2370061952280238,1.5,5.5,2.6026775689929105,-2.285505430854857,2.470058572912216,-0.5078602089322524,4.0,1.5,1.7963709831237793,1.3318836430928815,3.630953678751737,0.2159397755764409,-0.5489326899111271,2.5,1.6296598295923763,-9.615387423431876,2.47266428497677,0.2490149490385252,0.9792721457779408,0.153251253867394,1.5,2.5816534070591044,0.22165246762501,0.7037095118148313,0.6212908029046166,-0.1605333058931569,0.6409806357349247,-0.8449759297721087,2.4473814042608875,1.0,1.0,1.0,2.4758035763150628,2.972473891288492,-0.2978905261943647,-0.4621194005920346,-0.0312216985621489,-9.754879480752347,0.5031202489492013,-0.0990285277366637,-0.1614165484659258,0.3180697692987212,0.3122596178997793,0.3855377439936529
Walking,1,Student1,2,19.884331678720446,-6.561045445764065,-0.0169297997519373,5.372619322387688,-1.2450997218325734,1.3028513209337775,1.5,6.5,2.066820027220787,-2.1049222153417766,2.7424460657671093,0.0454077531227241,4.0,1.5,1.916303277015686,1.152161172008838,3.636681408748776,0.1699997160479416,0.085264208048582,1.5,1.7766827417264055,-9.586415011447668,2.623472416427693,0.160699834941837,0.883997343480587,-0.010616604122354,1.5,2.2644595439404256,-0.100392011474969,1.0868418517318548,0.1714611754285971,-1.0937166248387875,0.6823398014782097,-0.2611329096534252,2.609932440300865,1.0,1.0,1.0,2.5025360493866597,2.9809749932617846,-0.9036234697922254,-0.3009876218425302,0.0851405303529463,-9.75263959287107,0.4459041389222395,0.0377361718565225,-0.1745493727454191,0.3953359834149622,0.32654760273415,0.2793133605852407
Walking,1,Student1,3,11.651395611927354,-7.376902979210018,0.9608948768686504,4.407721274292283,-1.1896535828121009,1.3961679482518203,1.5,1.5,2.9226211709331875,-2.187767087288946,2.716711320529878,-0.2299346269517865,4.0,1.5,1.8351624011993408,1.323412289922869,3.4788454470947388,0.2185899978242815,-0.1761824963361024,2.5,1.7690779718677507,-9.568163023181258,2.7081848087904365,0.2560296341306322,1.2723305076360705,-0.0152638421802302,2.5,2.0205154508619168,-0.0203339243309604,0.4548470934645754,0.4243586774918357,-0.204171245968671,0.7611354601732967,-0.3246219062098562,2.601564097505477,1.0,1.0,1.0,2.886946954192065,2.6373423295210765,-0.3517911236939579,-0.4001425441411834,0.1944444635929539,-9.753947168338298,0.5446486715619131,0.1753433495759964,-0.2045549318483819,0.3976485989546309,0.2362081466538691,0.3677862889338513
Walking,1,Student1,4,17.647615443493684,-8.612435539013147,0.7054980836400762,6.214971589125319,-1.2048331048306078,1.4543448156658747,1.5,6.5,3.0118551142637995,-2.219914037656039,2.8358225608617067,0.432525447516233,4.0,1.5,2.2074880599975586,1.3319032079130222,3.5508573017951104,0.2155624666966478,-0.3859527894973754,1.5,1.7814363858027735,-9.55385451184362,2.587534011829402,0.4634131977198302,1.1729998588562012,0.1729451980681599,1.5,2.4472673540035164,0.353722121126142,0.6636561487646387,-0.0113550961853618,-0.2885570514607429,1.1022038947654265,-0.767154661063224,2.4868753168032347,1.0,1.0,1.0,2.69835883309207,2.8581112229128736,0.0488807894295076,-0.3446265682377495,-0.089767330775503,-9.749212541031836,0.4876205873734405,-0.1097686439752577,-0.2219490086585142,0.3131705284257746,0.2776766458591036,0.3756671361168222
Walking,1,Student1,5,16.326746756308204,-7.344973470985889,0.0128219956819957,5.183360048465989,-1.6021309527501464,1.3590379883501502,1.5,2.5,2.094020174649471,-2.0480686937414108,2.767639251473546,-0.1463589078151672,4.0,1.5,2.2031288146972656,1.173911564742509,3.892230871788412,0.1905526747331016,-0.2116217662468552,1.5,1.7956986015637404,-9.59914765177071,2.5099933991687067,0.1729917798873161,1.154906153678894,-0.224535808047299,1.5,2.3205098320357616,0.2042507253073202,0.5794528380198706,0.499103628584489,-0.9708676081358696,0.7037019370792934,-0.4604750166608691,2.663899348989025,1.0,1.0,1.0,2.608528431436129,2.968513474290218,-0.8625429867959572,-0.3063265912955136,0.1426829471671953,-9.742803843033313,0.4869728001830068,0.0469161514192819,-0.1912154069457638,0.4166836436343148,0.3593846936956051,0.3827409929984751
Walking,1,Student1,6,12.26674655750038,-8.807916025537251,0.9131240217164158,5.766499580416083,-1.0659922779604791,1.2473263927583609,1.5,1.5,3.2430094618119543,-2.2048418484695254,3.1146637599006293,0.5264542755997512,4.0,1.5,2.1310269832611084,1.2950042287759644,3.5065846640221774,0.2731894568875432,0.0828147690698504,2.5,1.8575154885449376,-9.557853226090966,2.4952509893251404,0.7303622280548693,1.449272394180298,-0.0765930633039097,2.5,2.213517464705608,0.2393772030263058,1.9065778469286137,-0.0412530816003407,-0.1208978106761866,0.9750359185367088,-0.4358468561164886,2.2316011244775584,1.0,1.0,1.0,2.565127736945628,2.830871025566729,-0.4613211294491839,-0.363493677852886,0.1868332563270814,-9.763431620520352,0.6022725287700562,0.1049637421965599,-0.2611482536679809,0.3589329491962021,0.331064240177111,0.4470721796401233
Walking,1,Student1,7,15.979400235635335,-7.826364656543731,0.4571283760366961,4.915288555646687,-1.2299947994202374,1.29181610553131,1.5,6.5,2.788296175137944,-2.156067442297936,2.536360890859365,0.1744157229869856,4.0,1.5,2.13127064704895,1.2203953472553284,3.5640621627397837,0.1863496700853097,-0.162050218348205,1.5,1.7239540133257438,-9.593775018821656,2.493962916855689,0.8723896016847246,0.785952240228653,0.1832980997225463,1.5,2.386522360242569,0.2229344643659795,0.4099533079132847,-0.1871358083938031,-0.3666286017835696,1.0227232196481733,-0.5551409232049732,2.472989916987239,1.0,1.0,1.0,2.557217140594336,2.830220043580137,-0.1657603256431706,-0.2946655042455609,-0.0855376271996647,-9.752087219685317,0.3854469706938987,-0.0063661565072834,-0.1810161929776468,0.2894605986055282,0.1694014361031985,0.4007774905324704
Walking,1,Student1,8,14.59622674856032,-7.8904481293976305,0.0020491459447512,5.643983463544211,-1.0523676572337746,1.2750831924532906,1.5,1.5,2.6775609453455003,-2.2500652841612694,2.780171400788426,0.2666852459539059,4.0,1.5,2.103598117828369,1.1500110512349129,3.41961905888319,0.1867937605909997,-0.1092547399669885,1.5,1.8792621543136732,-9.55450186983645,2.702276415220744,1.0129018033910206,1.0043464824557304,-0.0295170350835362,1.5,2.3696495525833603,-0.1904252389522248,1.0647858299674675,0.3225862897929952,-0.7891645630046604,0.9340116860801496,-0.5192179789661615,2.420309705399167,1.0,1.0,1.0,2.769745546762054,3.066878259938061,-0.3456683694199547,-0.2888926034997053,0.2226687152916565,-9.7631966427207,0.4360011933128379,0.2571950703859329,-0.2675027926682314,0.3192682291786093,0.1102371681534982,0.3738596759166933
Walking,1,Student1,9,7.506722064383641,-5.904283664774894,1.070717004927434,2.996516432697512,-0.8630503695145249,0.84572031032605,1.5,5.0,2.5355630467430506,-2.216712026744336,3.121449474518001,1.814125105478598,5.0,1.5,1.0915040969848633,1.253234384058853,2.9394932170860466,0.1820231851883242,-0.1594695542052387,1.5,1.910591934135678,-9.551685643371938,2.421256424997761,0.6691194807478309,0.7321840412914753,-0.4375602779624702,0.5,2.1294815480754385,-0.085821849689821,0.5690035108787549,0.736012892445005,-0.7296012778500045,1.4849868517142326,-0.1439702051895707,2.3940486519743005,1.0,1.0,0.5,2.8318972967168183,2.850847915646493,-0.7136493281567238,-0.2108109267055743,-0.016650653600227,-9.748307116624712,0.3921130514099225,-0.0349205359816551,-0.2928526629096105,0.2168694131383506,0.1753730155426725,0.2770279322687781
Walking,2,Student1,0,18.579991201148815,-9.242657103601095,1.5399535327132792,4.882041133224405,-0.2548923143051564,0.7524931714181832,1.5,6.0,2.833696671803588,-2.3288114886179563,2.668081437395513,0.0876745834092469,6.0,1.5,1.997120022773743,1.5043458091349422,2.8747498190186915,0.1323990303196005,0.054948564761877,1.5,1.7624838010199697,-9.55315454688072,2.734701525236226,0.4929470948797054,1.0612599961459637,0.332469953581645,1.5,2.5392732118536894,0.2923271616297721,0.3473208607803623,0.2684683042739195,-0.3333366967027574,0.9169485100337216,-0.3300028335245251,2.741464565842145,0.5,0.5,1.0,2.74631459188424,2.935154449981778,-0.3221488112649229,-0.2889852020487817,-0.0126690607960335,-9.718522803735732,0.4647642394269385,-0.0351040363311767,-0.2199920129322399,0.2302749891731464,0.1996290753479341,0.3929548344128171
Walking,2,Student1,1,12.987315488978904,-8.503911451408266,0.8694109540550038,5.8574837004814295,-0.4418887943940237,1.1921793116318822,1.5,1.5,3.227924460114143,-2.5523531175002456,2.8852734049901363,0.2588098016099915,4.0,1.5,1.6503394842147827,1.4723216537375583,3.1386462911756707,0.173380152266473,-0.6861401434257626,1.5,1.9098389015178503,-9.552483515751362,2.4328235824168267,0.6093408060324609,1.1831727251410484,0.4602226128553258,1.5,2.356315882145848,-0.2711741329816715,0.4634688115033241,0.1656749362648261,-0.5320684458093544,0.9988939993027944,-0.4776120177322626,2.643804539704219,0.5,1.0,1.0,2.5317426550730584,2.912213540441842,-0.2009372732722805,-0.0368804738665326,0.2345917672943324,-9.713088503727317,0.4038896934757129,0.2614795118570328,-0.3009374649405524,0.2640658048647836,0.2727970353429391,0.3922751129815915
Walking,2,Student1,2,13.382370693260402,-6.518023465639352,1.5876893896173687,4.218635932165384,-0.3511614621013402,1.0015788259839242,1.5,5.5,2.787818406463181,-2.2037020307846364,2.929628679545224,0.1898411188315503,4.0,1.5,1.5032447576522827,1.6344251010128883,3.12910641901195,0.2240657988868655,-0.2211068029507994,2.5,1.694874756267598,-9.573379296524823,2.611907762164879,0.3388755003973538,1.0908161848783493,0.4477992596935353,1.5,2.4711486519712453,0.1491826624478693,0.4401721100141915,0.5633375580895437,-0.064805448467025,0.9745311898695372,-0.5720797625879347,2.801027224271614,0.5,1.0,1.0,2.504856613958638,2.9684076052383386,0.032471511260908,-0.0971728093875009,-0.0650762645644135,-9.710708915114402,0.4297656621304612,-0.1026635542511939,-0.2627080276159186,0.2414982093959266,0.2957773965307479,0.2872429724588133
Walking,2,Student1,3,15.56308336925137,-6.949498235383629,0.773250636928156,4.297893264481983,-0.5410658655261621,1.0577461306121911,1.5,5.5,2.0092589439933475,-2.086297155979276,2.636096107330918,0.8001564736015969,4.0,1.5,1.8082040548324585,1.3136303063999994,3.259421738392674,0.1240368601657433,0.5805114850014448,1.5,1.7257303198646767,-9.6020614933908,2.8273827174688217,0.8184550533696087,0.9993001148104668,0.3852524787400332,1.5,2.339871300908384,-0.3036844363065355,1.217344119541699,0.5735733786738179,-0.9966677610961244,1.1742411477546757,-0.0558775687820315,2.792887301289434,1.0,1.0,0.5,2.409610682884946,2.878550712650517,-0.7801150817121648,-0.2389098815522711,0.126360600257758,-9.699828624659776,0.4170450886524003,0.0693410485982894,-0.1433718074758764,0.3122970958750954,0.3048107063741365,0.3220924800283166
Walking,2,Student1,4,11.579380610489238,-9.534272736278176,1.5971024570636452,5.106721849139221,-1.0599990288950505,1.4223769682876783,1.5,1.5,2.526194433726346,-2.1015388565137982,2.6078818202376364,-0.2382816987550526,4.0,1.5,1.9184414148330688,1.676709314376619,3.9084162829138345,0.1937568776018903,-0.3513724745035171,2.5,1.6084603438502925,-9.596489246216414,2.445644448012437,0.6506605097420756,1.1493269056081772,0.5112579728762665,1.5,2.30517163689237,0.1579387555708664,0.4315416197718722,0.2712411216230042,-0.16164287739027,0.9084508939450312,-0.7342201785089373,2.2686717985005904,1.0,1.0,1.0,2.6804437618921733,2.907210211866051,-0.3090540526900217,-0.205915783557839,0.1662039769976399,-9.717806764420866,0.5325534861918808,0.0920340716838836,-0.1190036300936683,0.321661314710791,0.4032694553902579,0.4875932494173604
Walking,2,Student1,5,14.72064870931203,-9.130689597544071,0.9849348374193534,5.209189778510295,-0.5471039035813883,1.045085292079541,1.5,6.5,2.3115037905126967,-2.0433406423062084,2.5199416709780693,0.7001540527628332,6.5,1.5,2.0080676078796387,1.3866908933023163,3.3115873213725164,0.1300102354869245,0.4286486064076423,2.5,1.6604746586721466,-9.604441666525602,2.596273377413353,0.7628539655057252,0.88014792278409,0.4500333081820746,1.0,2.5126841393789614,0.1073641248273495,0.6393805813876047,0.114526127438338,-0.5725368091595584,1.305474826375905,-0.1377161307665258,2.462744791284545,1.0,1.0,1.0,2.77309121766465,3.091994720734013,-0.3921747762259599,-0.1612845799289111,-0.0623728442448191,-9.69204630022049,0.3729826539788178,-0.0863012894988059,-0.0220617451213145,0.2448345917043574,0.4424955377762501,0.3710064997791968
Walking,2,Student1,6,12.170420281030724,-8.301110997259617,0.9101744877284392,5.857290077605471,-0.603974449381791,1.604545489503029,1.5,1.5,2.560953316754476,-2.1087986183837053,2.842034859505296,-0.1375244513745235,4.0,1.5,1.9468103647232056,1.6220399816224684,3.5526740323608736,0.2003304107733079,-0.6124962305441498,1.5,1.7345857678358203,-9.57795259578973,2.4761201795858114,0.5378026937300118,0.9904650747776031,0.638297928765621,1.0,2.437624129611497,-0.1056707641603542,0.908831821797984,0.460313973781829,-0.6010778614733209,0.7738284426919418,-0.4820131489971727,2.596242308357448,1.0,1.0,1.0,2.696793633520279,2.796259381460527,-0.1912446375913322,-0.1842717195900636,0.2108257433585822,-9.731267719018458,0.4799496630974657,0.1429680436849594,-0.2484883141817122,0.3357265566799975,0.2022602677322127,0.3743593164659829
Walking,2,Student1,7,14.043840393366228,-8.423573009324073,1.656043087136373,5.393088109920731,-0.6898039266303181,1.2357317927087197,1.5,1.5,2.518355837702869,-2.326639989797771,2.421179537322372,-0.4338936623165299,4.0,1.5,1.921681880950928,1.752254680013626,3.610246552418172,0.2319793484903858,-0.7995712922945618,2.5,1.5835861331251169,-9.607046296066043,2.1635378111283763,0.8773056467442472,1.1960254907608032,0.6828315892736452,1.5,2.6156638099456235,0.2261384147367414,0.526132159119749,0.0881435849048286,-0.1352875206802461,0.8274602435170038,-0.8716572672931551,2.4575442697817347,1.0,1.0,1.0,2.7954517454388013,3.1598189726265296,-0.2442407405987619,-0.1828790517056972,0.004774295957759,-9.735140761059522,0.5488442582381134,-0.075347539037466,-0.076465013282652,0.3082821988908786,0.2793525690451108,0.4977939646898693
Walking,2,Student1,8,16.603873014196697,-8.929129498845338,0.6514654646793381,4.951120514669455,-0.9028264995858072,1.194611011379942,1.5,6.5,1.9105705128053037,-2.0940433861918746,2.5850293524384496,0.618939023499224,4.0,1.5,2.061927795410156,1.324384520562743,3.670919632306695,0.1133553071536095,0.2840013582810759,1.5,1.6548000679146255,-9.624126902465523,2.658202666074633,0.9316887499589156,1.0095281526446342,0.4401739209458032,0.5,2.4424972261453,0.0685612795411646,0.6852849733302434,-0.332559691086592,-0.9922880553890556,1.0659565784268477,-0.0726715431824625,2.611356836662812,1.0,1.0,0.5,2.825283419964008,2.879298310728913,-0.6878472030719742,-0.1108734173694639,0.0710682235145941,-9.723234050166608,0.3942775675221833,0.0190753522329032,-0.237630315199608,0.3421694034748989,0.2288049986392602,0.3431020026637404
Walking,2,Student1,9,11.5366992089978,-7.051099830248951,1.5738593094464393,5.669957899288833,-0.5452188570197671,1.262123554031245,1.5,1.5,2.95973431630887,-2.187788422337919,2.557019648006558,0.6628300100695061,4.0,1.5,1.872474670410156,1.7029758697940716,3.479546508036181,0.1639705188863001,-0.3663099313944578,2.5,1.7453078304298988,-9.532231878100337,2.624237767150904,0.6850597106040509,1.1730656921863556,0.5976224366838301,1.5,2.375504275716621,-0.2118995137581894,0.9809508467887186,0.7270647394907075,-0.1785264658330612,1.1942584171795354,-0.5766359207484275,2.578482107962618,1.5,1.0,1.0,2.6262120887431983,2.8215443197015504,-0.3083697554710489,-0.3535295179989468,0.1778984660143032,-9.707342653551695,0.46042947402776,0.1803053319454193,-0.2853079658627976,0.2613198842526203,0.1893676884898829,0.4099962355942255
Walking,2,Student1,10,13.537164350491771,-5.796826914140582,1.0600808254269882,4.908940392196365,-0.4864668083216995,0.985633053552014,1.5,5.5,2.2242676246563526,-1.9569015452593563,2.5858970751836896,1.6692274749376643,1.0,1.5,1.5179845094680786,1.4554148246297725,3.409653764381632,0.1497815422751021,0.5542933401614427,4.5,1.6737598317660518,-9.603085283480585,2.5902589074186064,0.1837578078494501,0.8775043301284313,0.395273720299906,1.5,2.3974306604366893,-0.2526608654841658,0.6195117479853254,0.5857667839411554,-0.4853705847267084,1.246182573707924,-0.2239065663562863,2.7180433194362728,1.0,1.0,1.0,2.560239057203408,2.8822383551809625,-0.3296998013025596,-0.3532838669151517,-0.0121971072745509,-9.69385130381584,0.3613628999432819,0.0592695828527212,-0.1061645749645438,0.2868022181980029,0.258089393018062,0.2276718922267128
