activity,student,window_idx,accelerometer_x_min,gyroscope_y_range,gravity_z_min,accelerometer_z_iqr,gravity_z_range,gyroscope_x_max,gyroscope_z_max,gyroscope_mag_spec_entropy,accelerometer_z_spec_entropy,accelerometer_y_spec_entropy,gyroscope_z_median
Running,Student1,0,-11.72969545288682,14.071223974227905,-0.9596533158423378,2.6116347064977514,3.42550990702007,3.1226378679275517,5.177130460739136,2.859742815397339,3.1618333065693216,2.6857708864522176,-0.06606176448985926
Running,Student1,1,-16.669059150000002,14.265389321,-1.995475752,4.745153824125,3.9026908175,3.9606761935,5.228025435999999,3.2256263212884395,3.003637922980461,2.0655649453193505,0.27905565125
Running,Student1,2,-20.189715740120413,16.69170832633972,-3.2816225008174777,5.3540267770553,6.479411557041853,3.540875792503357,4.363019824028015,2.996621229506167,3.147914934430929,2.5939970970350084,0.09729134850203985
Running,Student1,3,-13.0572837805748,15.942102432250977,-3.3585923432514067,11.89717997124344,8.697499256053566,5.726044654846191,2.2794907093048096,2.787411828707124,2.884513490921651,2.539625474178777,0.1703794002532958
Running,Student1,4,-18.465016684582828,14.872343063354492,-2.406600976871699,6.055684460548591,4.723087017728016,3.1510586738586426,4.998819589614868,3.070956513267183,3.3732637560620926,1.9728385608139276,0.1159009765833616
Running,Student1,5,-18.782678028142453,13.061190366744995,-3.7316261760734015,4.34147591069676,7.3692232383623715,3.408368945121765,3.998054623603821,2.7015154751224375,2.715457423301513,2.557515819646385,0.031661498942412394
Running,Student1,6,-18.978765835,15.66653395,-3.2951258335,5.2195639830000005,7.3774515535,3.7075326445,4.941040039000001,3.056245945572549,2.9646594377410866,2.1059548402304253,-0.08059446049999995
Running,Student1,7,-22.030648726987835,16.24123191833496,-2.55834972756654,5.044677517430111,5.0051701212976125,3.3493831157684326,4.955836296081543,3.2159590674608522,3.0116513045303512,2.1735965736589398,0.6248154938220978
Running,Student1,8,-14.03278943966329,16.421942472457886,-3.2141311192162334,9.584804580576344,8.421693333057313,5.608717203140259,3.139245390892029,2.7878849784969044,2.713543430463511,2.333721694859985,0.3070999011397362
Running,Student1,9,-22.491649450945854,18.539440155029297,-2.277162038466707,5.245540427644923,4.721202665286139,2.800093054771424,5.343006372451782,3.154445611302837,3.0602193617152196,2.1615104841788497,0.08854103460907925
Running,Student1,10,-21.362177803504466,16.299434185028076,-2.7677123167097566,5.209299102369975,4.602493356818705,3.6754575967788696,4.503968000411987,3.180684773509931,3.2459977743395307,2.5060964274964634,0.43864884972572327
Running,Student1,11,-20.721594419378043,15.587226867675781,-2.350306915785,5.142490259672794,4.713245349606126,3.882370114326477,5.281090021133423,3.380852512081753,3.0805172417723132,2.280541553778186,0.5963107571005821
Running,Student1,12,-14.89464943,13.0883384925,-2.3459925595,5.46492493225,4.632315955499999,4.4316973685,5.389609098499999,3.0595203796702077,3.0291857146969243,2.1077870330220745,0.09375924625
Running,Student1,13,-20.97086377923489,15.270793676376343,-2.0105383698355404,5.246386943205353,3.7155372110597784,3.12135648727417,4.510923624038696,3.2808681994014637,3.2374215490221467,2.2783247679325447,0.15939051285386086
Running,Student1,14,-21.530435936582087,11.795484781265259,-3.6787837898105376,5.655497969382303,6.871638750633597,3.513280510902405,4.826007127761841,2.9579078667687138,2.826058706067139,2.4474727692321245,0.29886147752404213
Running,Student1,15,-11.928438156077265,9.526437997817993,-2.6205098311424253,7.166967914807936,6.9172592228189105,4.684234142303467,2.368438243865967,2.8292064510249406,2.979093031598625,2.0694030295806147,0.0848778705112635
Running,Student1,16,-13.35356799,12.305271029,-1.377714075,3.5432444797500002,4.263773808,3.9876486065,4.120230675,2.8266311387235583,3.4837127042498968,2.7473701585824974,-0.12136036424999999
Running,Student1,17,-13.422252818754316,12.040950059890747,-4.024199840127677,10.46377177340798,9.562611380403489,5.143519401550293,2.874526858329773,2.7339156231089317,2.686675092405255,2.3665757396128493,0.3869314640760422
Running,Student1,18,-15.434188268971443,11.571906805038452,-2.6663459919050334,9.207855254811047,7.339877901412547,4.336832523345947,2.8644672632217407,2.5261458620717065,2.644107939357634,2.034573132652611,0.0804359861649573
Running,Student1,19,-13.436537364694477,13.521126747131348,-2.4624160953350365,9.50860053488314,8.620731512062996,5.062938690185547,1.983653724193573,2.558214197363616,2.9822391586842243,2.005233973172357,0.27898596599698056
Running,Student1,20,-14.016044056567548,11.329516967137653,-2.658134043876827,8.672994795441193,7.048010485931486,5.0693182945251465,2.781753659248352,2.7168846802760114,2.528065423211153,2.3541861007322833,0.02800291823223225
Running,Student1,21,-17.211700630807876,17.834303855895996,-2.5581299473360177,5.562171350444573,4.434906839392333,3.775872111320496,5.134867668151856,3.1240300829438543,3.0599292494535786,2.3599638956042392,0.3037729263305664
Running,Student1,22,-21.91253088160753,16.478644371032715,-2.4381617979139087,6.939958089225272,5.754446300659328,3.821929812431336,4.96277117729187,2.9896235362154298,3.028836354188931,2.0685351162903918,0.44843702018260956
Running,Student1,23,-16.61950806,13.7319035515,-2.2634138640000003,5.2841736715,4.8226210855,3.761307359,5.5898923875,3.0191959634288263,3.3023772314434034,2.0439660898067404,0.4407346545
Running,Student1,24,-15.062672001105549,12.583970308303833,-2.568718707498163,7.719814060968906,7.581063469665497,4.335134744644165,3.4276729822158813,2.6100908146355777,2.871622562850804,2.2964519248508917,0.24016760103404514
Running,Student2,0,-35.84592056274414,12.671788692474365,-4.887382984161377,11.992511510848999,9.207984209060669,5.518480062484741,4.310647010803223,2.46148858126146,3.3120962716748696,2.2407102910252723,-0.164399108820362
Running,Student2,1,-38.41329828898112,14.974343140920002,-3.3481436570485434,9.931363125642141,9.783698161443075,4.557894706726074,3.682779312133789,2.7143260760046366,3.3041917660858746,2.158278573245715,0.03917173668742175
Running,Student2,2,-25.58583068847656,10.198089718818665,-3.637577176094055,8.863106146454811,7.785231232643127,4.786052703857422,2.9365055561065674,2.703964260688747,3.0978647915971025,2.452155092164923,0.08177958428859705
Running,Student2,3,-38.597267150878906,11.163969675699871,-4.242116610209147,9.424932276209194,8.884869972864788,4.459239721298218,3.2751285235087075,2.4564463657793385,3.0633398309223523,1.79448593819133,-0.13349951182802516
Running,Student2,4,-36.43188222249349,11.066842079162598,-3.9579878648122153,8.356426189343136,7.277249415715536,4.339815855026245,3.223205089569092,2.3529265347332524,3.320021826549654,1.8656473928809807,-0.02542726323008535
Running,Student2,5,-33.17157554626465,11.779619932174683,-3.923815488815308,10.066102921962738,7.150721391042074,4.778111696243286,3.0362802346547446,2.6176694254410515,3.1256866499547673,1.7554916432454453,-0.03993531564871465
Running,Student2,6,-27.962550163269043,10.763140201568604,-4.42821741104126,9.42728727310896,8.68012547492981,4.765283346176148,3.705279588699341,2.3792337024500694,3.2812420103270235,2.0981608655380266,-0.024205537512898397
Running,Student2,7,-29.729527473449707,10.679757118225098,-4.274430274963379,9.91152210533619,8.866701126098633,4.804378747940064,4.146324157714844,2.5029386027360823,3.0495548028074584,2.275732923347316,-0.09552405215799806
Running,Student2,8,-28.752730051676437,10.94701067606608,-3.936429580052694,10.724059010545414,7.760793447494507,5.414531389872233,3.160896778106689,2.6110213475082467,3.261040022646318,1.9875884034834024,0.1377755664288997
Running,Student2,9,-14.96100616455078,5.960415919621785,2.275977611541748,2.4601829051971436,5.7485175132751465,2.3781238396962485,3.2120057741800943,2.2810001062710077,2.7593488468288516,2.710333466831892,0.14210252587993935
Running,Student2,10,-44.81027348836263,11.743273417154949,-3.209087491035461,8.197973653674126,7.56739342212677,5.207855224609375,4.138993740081787,2.4310989300023076,3.348667354863892,2.3737635496148153,0.0174860181286931
Running,Student2,11,-27.32406044006348,10.193508227666218,-2.472962776819865,7.834765474001567,9.220735788345337,4.232303619384766,2.939152638117472,2.448182619754699,3.285694382016234,1.9440720699055234,0.1968767742315927
Running,Student2,12,-37.38417816162109,11.209173838297525,-4.304342269897461,8.988050699234009,6.993744214375814,5.172628720601399,3.2721760272979736,2.3942146506388977,3.283769742275221,2.028083241235481,-0.11008300787458815
Running,Student2,13,-40.480987548828125,11.89415725072225,-3.989964365959168,10.406443138917288,8.518631498018902,4.794299602508545,3.523547053337097,2.6917190051445776,3.3585615087497747,1.8850594226596518,-0.190055447941025
Running,Student2,14,-32.24812761942545,12.046160538991293,-2.7882810433705645,8.777304391066235,6.825087467829386,4.202167431513469,3.666489521662394,2.4806560450612545,3.1762908601017226,2.086067044083381,-0.1045343168079852
Running,Student2,15,-28.5511474609375,12.580158710479736,-4.136155843734741,9.013737514615059,8.15792989730835,3.9464186429977417,3.576997756958008,2.51403715768437,2.7254146210847887,2.159605794351428,-0.11033753678202626
Running,Student2,16,-22.456344604492188,8.914356708526611,-0.7380131483078003,6.83144403497378,6.995813886324565,3.2227469285329184,2.043420632680257,2.500924869218356,3.198904551799246,2.3803884204651276,0.1160389470557371
Running,Student2,17,-30.094077428181965,11.605218092600506,-2.079134384791056,6.82717568675677,7.44956930478414,4.254498322804769,3.860744794209798,2.638917640388003,2.8692655110599667,2.360925464755538,0.028277968366940798
Running,Student2,18,-34.022454261779785,10.657460451126099,-4.8241589069366455,12.688439577817917,9.486072540283203,5.442121982574463,4.234594106674194,2.39975971710306,3.079538891304343,2.1437712282628665,-0.23755021765828124
Running,Student2,19,-40.62518183390299,11.280034224192303,-3.0726577043533325,9.128814915815989,7.959872841835022,4.401716709136963,4.09796404838562,2.5655083128835057,3.4083426846298748,2.380031428697877,0.1436296876830359
Running,Student2,20,-28.51778602600098,10.425637483596802,-4.032934188842773,9.383253812789917,8.333988904953003,4.4607672691345215,2.4930174350738525,2.487705371777251,3.186636805118237,1.8806936936695164,-0.07032586168497795
Running,Student2,21,-32.606417655944824,10.84010910987854,-5.23245096206665,10.086908012628555,9.431083679199219,5.264054775238037,4.007963180541992,2.372804069923127,3.1157082939576677,1.8487472918508852,-0.08177958335727445
Running,Student2,22,-28.934667587280277,11.739710092544556,-3.208151578903198,10.386354794104895,7.518224159876505,4.635678291320801,3.038520097732544,2.585999062300798,3.225235280506628,2.028547685153222,-0.06284276271859801
Running,Student2,23,-17.831089973449707,7.445531129837036,-3.19070565700531,6.351180896162987,7.397936224937439,3.481550097465515,2.717510461807251,2.708747515737852,2.841064777875068,2.9084210642633295,-0.1741729546338319
Running,Student2,24,-32.030043284098305,11.858726978302002,-4.017490386962891,9.535137693087261,8.329965353012085,4.091193517049153,3.078226407368978,2.578359717644054,3.1671876227468676,2.1141755719081283,-0.0602974891565584
Sit,Student1,0,-1.0599479197623207,1.1889082193374634,1.1480127913800997,0.2936784834910182,6.1026632702739905,0.701134204864502,0.6479409635066986,1.1846481156223538,3.2378062567611727,3.066542378114055,0.37266431748867035
Sit,Student1,1,-0.6932466509627178,0.9971263557672501,3.565472029537707,0.29365181467980134,5.783625048870594,0.971379578113556,0.4829928129911423,0.984072249947238,3.0303883748816838,2.7487252555085244,0.1515908390283584
Sit,Student1,2,-1.6300149849757553,1.6810958683490753,2.1237012231569734,0.2577585904564707,5.195739162643626,1.3597428202629087,0.9566328525543212,1.326383661048352,2.8911680654577583,2.8798312135719897,0.36406058073043823
Sit,Student1,3,-0.9214883838273584,1.3562394678592682,1.102262336139567,0.35005194822316976,5.743357883879357,0.7308430075645447,0.7845755517482758,1.2363618602814483,2.937825462292035,2.7323916554928456,0.3762393891811371
Sit,Student1,4,-0.7449800165377557,1.2199456691741943,1.662476627315208,0.26760734590627233,5.980037482482567,0.5952765941619873,0.5407942533493042,1.4376245442173377,3.0659273638525493,2.8314267700724387,0.38582488894462585
Sit,Student1,5,-0.6371656846374273,1.1175853312015533,2.561419198139757,0.24770612912811324,5.676144332838802,0.7087088525295258,0.7088927030563354,1.256618236465052,3.1963567884069612,2.9167068977836506,0.3295920863747597
Sit,Student1,6,-1.0718882041312754,1.2626313865184784,2.4828294994190334,0.4246173050649463,6.251942379452288,0.7945579290390015,0.6076619029045105,0.8964561809459717,3.1962258301764,3.1262137784481325,0.2312428094446658
Sit,Student1,7,-1.1602177910998464,1.0661610513925552,2.031043543856218,0.3265925457730888,5.808871206873282,1.049837946891785,0.8209467232227325,0.8926902573301855,2.716315548818215,2.575513632378776,0.40970317274332047
Sit,Student1,8,-1.2389384227238596,1.5038688480854034,1.0011176547288894,0.3731886397912165,5.145344827120005,0.9905807971954346,0.8364623486995697,1.169799498349525,3.06221829596016,2.7768594760575867,0.38134022057056427
Sit,Student1,9,-1.0535825859814882,1.3258077204227448,2.41118501672633,0.31799262134060247,5.791492494310065,0.7766221165657043,0.628571093082428,1.4835101904175243,3.3568344866971023,2.236895330110049,0.3715646341443062
Sit,Student1,10,-1.199786123639345,1.1414583226044972,1.4365149316791443,0.3844480109576135,5.832061528324708,0.6059755980968475,0.7959153950214386,1.6260992265086354,3.1655654828279025,2.8974210248686636,0.37864847481250763
Sit,Student1,11,-1.0825133507810532,1.5587158203125,2.074242487983033,0.20940438245832904,6.292181816186384,0.9626099467277526,0.59211465716362,1.0600322650574838,2.961060482487431,3.050173895251317,0.1670053824782371
Sit,Student1,12,-1.022053182990849,1.0992476344108582,3.50564650638923,0.3971287384303285,5.5013661503426725,0.982282131910324,0.6529394090175629,1.4494189041660954,3.153809331037303,2.650782040487173,0.24024802446365356
Sit,Student1,13,-1.06443384518226,1.4182839691638947,1.709345419061184,0.28558044416606415,4.753142914099991,0.7221976518630981,0.6444602012634277,2.411645037458993,2.9519744548487488,2.942548731583364,0.42632903158664703
Sit,Student1,14,-1.0961867790855466,1.2344372421503067,1.5277202202145008,0.27465762974396335,6.22148930045627,0.7030199766159058,0.6366706788539886,1.224831604892853,3.0855529129000985,2.7953134198391503,0.3642512336373329
Sit,Student1,15,-1.437494517301023,1.2121514678001404,1.1371201529005543,0.28398922945186483,4.2633097346177316,0.9226434230804444,0.8380478024482727,1.6654475869420444,2.9721316441314642,2.9240692126736185,0.4135614931583404
Sit,Student1,16,-0.5765860003870912,0.9496867656707764,2.3580125217262653,0.221612670113705,2.4047972153853623,0.4920477420091629,0.7707053124904633,1.275339012002563,2.9971811412376574,3.1224282697021644,0.2754580676555633
Sit,Student1,17,-1.1235925628075374,1.4466041922569275,0.978365067107603,0.25957494656289926,3.983800244395807,0.6968959867954254,0.7188561260700226,1.792812769976717,3.264250996462791,2.9249327965127114,0.3443822935223579
Sit,Student1,18,-1.5435216735236343,1.0222198963165283,1.3214539165861905,0.25762643371047445,4.720225125490874,0.6426861584186554,0.8946189284324646,1.6728985423932938,2.921766317226045,2.7515338356312578,0.1329675707966089
Sit,Student1,19,-1.2439634112790228,1.3851739764213562,1.364157843737677,0.28701913519967337,5.465547598790749,0.8920714259147644,0.7291195094585419,1.8156602692948158,3.1413676623182356,2.932153800865193,0.4754035621881485
Sit,Student1,20,-0.9603630350142716,1.298570454120636,2.2144083529118443,0.39407957999277854,5.634021420445666,0.830551415681839,0.6796246767044067,1.4158191574915402,3.017405365673649,2.8034861531920154,0.3157621100544929
Sit,Student1,21,-1.4878759202778338,1.8200405091047287,0.0293917014087782,0.21639994956725264,3.524235138164903,0.371074691414833,1.0544248223304749,0.7877810939119188,2.8773227561485655,2.817248007414806,0.16696712374687184
Sit,Student1,22,-1.1452262659341097,1.35781729221344,2.5849453274168077,0.41920686085615294,6.472968079990892,0.8379716277122498,0.5171197652816772,1.75751899328093,3.3304770420273444,3.072627963154399,0.19947148114442814
Sit,Student1,23,-2.0900342966809866,1.6502103358507156,2.2502160908088085,0.2521058436580934,3.185148039707541,0.6081712245941162,0.8202639520168304,1.2626082536533871,2.852788136974865,2.9959259054314824,0.1643282510340213
Sit,Student1,24,-0.9900979558035732,1.0346855968236923,1.457024854940176,0.2946714035185053,5.334428890605271,0.67839315533638,0.6440998613834381,0.9915625030020848,3.0349380398408106,2.5903870994525686,0.41639566421508784
Sit,Student2,0,-1.757266680399577,1.600059727827708,-0.0665048087636629,0.14347639152159278,1.5499456052978833,0.6602944135665894,1.3736577828725178,1.2750000387970248,3.071695508556565,1.9370199899405949,0.008475755341351
Sit,Student2,1,-2.154678662618001,2.1074850757916765,0.6996709108352661,0.2638799796501794,1.74304989973704,1.1540772120157876,1.951332648595174,0.9063921876261084,2.984178034677071,2.2066772716188376,0.0294487948218981
Sit,Student2,2,-0.2681144326925277,0.4334088936448096,9.307293891906738,0.17659389972686754,0.080963134765625,0.3342960029840469,0.0538070475061733,2.6893847354962914,3.2095248353489896,2.7729734599042963,-0.01114829059224565
Sit,Student2,3,-0.5839274823665619,1.0302242189645767,9.414864222208658,0.44997429847717274,0.2616170247395839,0.0780380368232726,0.3309362530708313,2.266231181192099,1.8031245599223082,1.7410934374662776,-0.01404990069568145
Sit,Student2,4,-2.189067840576172,1.6303993761539461,0.5320959091186523,0.07419389486312865,2.1821513175964355,0.4228714555501937,0.010461067315191,1.5013154276791525,2.522548586503442,2.520811748800938,-0.010766499908640901
Sit,Student2,5,-0.3962006568908691,1.2805772026379902,0.252611368894577,0.2938181546827156,0.7992295324802399,0.8688031037648519,0.3993277053038279,2.666662834914671,2.770237899299381,3.0361016644360523,0.0073558355992038
Sit,Student2,6,-1.5860371589660645,1.9398026168346405,0.3393373340368271,0.2616066448390482,1.7219730764627457,1.6048957109451294,1.685300886631012,1.4563879881594937,3.062397447243296,2.4138430037453453,0.008475755457766299
Sit,Student2,7,-1.9026002883911133,1.5959872504075368,0.7806049982706705,0.1424899597962696,2.1957243283589682,0.2112066596746444,0.1008691228926181,1.4867820528922175,2.6009087603009053,2.2691770650786487,-0.011631892450774652
Sit,Student2,8,-0.7434151768684387,0.3726278021931647,9.412480036417644,0.20087349414825417,0.1264193852742519,0.1504255682229995,0.349567636847496,2.3904892542572242,2.776914109574073,2.523502290885986,0.004225151302913699
Sit,Student2,9,-1.865708827972412,1.5940528810024261,0.4723303765058517,0.4062202461063861,2.1823775321245193,0.8620835840702057,1.390863835811615,0.593993721698899,2.6090715799207063,1.9786122073705248,0.2601522393524647
Sit,Student2,10,-2.0763368606567383,2.0277672111988068,0.4745886325836181,0.28509283562501253,2.5104451179504395,0.4952589869499206,1.4128549695014954,0.8375694196379463,2.6518295644879597,2.3819554235819362,0.08473210036754594
Sit,Student2,11,-2.3137199878692627,1.7012597024440765,0.3894538581371307,0.19271438941359514,1.1888978779315948,0.7102835476398468,1.5466344356536863,1.3355004580495244,2.9553620908110583,2.322025141887896,-0.028176159597933202
Sit,Student2,12,-0.2195919354756673,0.8291477560997009,0.4205672244230906,0.14443721870581297,0.6051547229290005,0.3982332348823547,0.5992842515309652,2.247951768016945,3.254433387030572,2.6374628466934333,-0.00679587572813025
Sit,Student2,13,-1.9427032470703125,1.0818423479795456,0.2873043417930603,0.5266282483935354,2.19087940454483,0.1968513280153274,0.0956767722964286,0.9422867588587424,2.2656079668281888,1.8146215186226606,-0.2236530408263206
Sit,Student2,14,-2.769338607788086,2.8829785585403442,0.3345724046230316,0.2702324390411376,2.0562237799167633,0.2212859392166137,0.4817436039447784,0.9776610452826516,2.5697264302570395,2.1688862371877407,-0.0549015142023563
Sit,Student2,15,-0.3043323755264282,0.3188716545701026,9.526130676269531,0.166773200035095,0.07824134826660156,0.1408807933330535,0.0677296854555606,3.2834249310940393,2.840214035860447,2.7908113868233317,-0.00857756616702915
Sit,Student2,16,-1.2847760915756226,0.6316346824169159,9.543815612792969,0.663583755493164,0.24750328063964666,0.3233004361391067,0.1451059530178705,1.6157576942887115,2.1180887745905186,1.7615565496761787,-0.0278707272373139
Sit,Student2,17,-0.2969065904617309,0.23060163483023632,9.221471786499023,0.192468762397766,0.1349329948425293,0.0630718357861042,0.1693623885512352,2.600155186974849,2.5752890356860987,2.460368929381234,0.0092138840506473
Sit,Student2,18,-0.4856080561876297,1.1111638993024826,9.140676498413086,0.27548325061798073,0.3585972785949707,0.0893390402197837,0.2619848251342773,2.3282973320968674,1.743947837239982,1.4860839543216038,0.029245174024254
Sit,Student2,19,-0.5973115861415863,0.44562619924545277,9.46764024098714,0.15344119071960433,0.23346916834513465,0.366671860218048,0.1782199293375015,2.8405192147800276,2.759753208366746,2.4939844032089926,-0.0145080495470513
Sit,Student2,20,-2.526331265767415,1.2950342893600464,0.5876500308513641,0.3247047550976275,2.3792547285556793,0.9335547983646392,1.43667870759964,0.4671729447664466,2.6402649107330483,2.3206003318892914,0.25587618350982666
Sit,Student2,21,-0.7238351404666901,0.262366622686386,9.245691299438477,0.3686857819557188,0.13269996643066406,0.2705624103546142,0.2781727612018585,2.7023809443648172,2.3813681635483284,2.098666246196384,0.0160097603996594
Sit,Student2,22,-2.0388394594192505,2.2571470141410828,2.534647067387899,1.0117079019546509,6.823402802149454,0.7251479625701904,0.3629303127527237,1.6643916446511198,2.9046171948549215,2.820446692006706,-0.1688278838992118
Sit,Student2,23,-0.2903864979743957,0.2712241709232329,9.13146162033081,0.3829524914423623,0.3374342918395996,0.1207986027002334,0.0447204274435837,2.0013246415337282,2.322003258924698,1.8618055119401158,-0.00974839134141795
Sit,Student2,24,-0.7084755897521973,0.6591235945622126,0.1112803630530833,0.07236304040998207,1.0425283499062064,0.6968445181846619,0.8460738261540731,1.9563905781008564,2.792350429628282,2.374468333114343,0.0074067410314455
Stairs,Student1,0,-6.111771692217886,4.378779172897339,-1.7351953881759197,2.224730890752701,7.9149680189523846,2.362024068832397,3.153216123580932,2.0074059584369923,2.717602311293557,2.4918414778002993,-0.04112360044382505
Stairs,Student1,1,-4.93208406149447,5.251749038696289,-1.411231729601696,3.1452534434888975,8.111083003987744,2.7096158266067505,2.873239278793335,2.188529458478091,2.506619924908415,2.295015140445242,0.15232815220952023
Stairs,Student1,2,-3.139338766951859,4.191350221633912,-1.07921493029017,3.9212976475251833,8.77988107706625,2.862828135490417,2.25592041015625,2.005845105546188,2.489893696734005,2.270250076376084,0.244831969961524
Stairs,Student1,3,-5.534444097949564,5.606302380561829,-0.5646430308707058,3.545555660856189,8.500193746059388,2.265162229537964,2.1566797494888306,2.083844354637765,2.227551650133283,2.41276556248376,0.2646003663539886
Stairs,Student1,4,-2.7345370462082323,4.530129551887512,-1.383988771758601,2.1407273411565457,7.67606383963488,2.3007863759994507,2.4803335666656494,1.6449007444501316,2.4356553467234936,2.2038927133652337,-0.0472368760965764
Stairs,Student1,5,-6.313861952270568,4.123571038246155,-1.6958739430695773,3.0885439243359487,7.710518555487692,2.2151328325271606,2.672854423522949,2.5139667949493734,2.440120369102145,2.4379972965311074,0.11935246456414456
Stairs,Student1,6,-5.410291064058244,3.764264464378357,-1.6347792767681182,2.2051029653574337,8.691496362376958,2.152998089790344,2.0967390537261963,1.455800985456269,2.278250119750017,2.230647850354278,0.1153220515698194
Stairs,Student1,7,-6.574078530338406,4.007997274398804,-0.9880849354807286,2.7963211195459596,8.241057583639398,2.667248129844665,2.6458864212036133,2.114518495353643,2.81679530391696,2.4881961876577643,-0.085928154294379
Stairs,Student1,8,-2.928097816716134,4.165402412414551,-1.2230186402646823,2.779646490998333,8.023830289003065,2.578094005584717,2.259217500686645,1.9583165282029682,2.3505685706569723,2.4418560745732054,-0.0747941535664722
Stairs,Student1,9,-4.397277219830453,4.043766379356384,-1.5109470723289995,2.041397563680727,7.366876456040516,2.121286153793335,2.5912564992904663,2.059360973771974,2.665892950595425,2.316732539418847,-0.02568484493531275
Stairs,Student1,10,-3.599127777032554,4.358698010444641,-1.476681010916084,2.8528793753936417,7.897367845658212,2.24286150932312,2.7489994764328003,2.012895661653742,2.44068521475955,2.553685223719141,0.0288216122426092
Stairs,Student1,11,-3.5264730213187634,4.213217854499817,-1.7667053558137265,2.370187181106675,7.093077488952503,2.165025472640991,2.4463911056518555,2.1946328814704814,2.416599038201245,2.1733894594653385,-0.0642465101554989
Stairs,Student1,12,-5.001417709961533,4.378747224807739,-1.7201948029208929,2.4678533362192097,7.139523452176525,1.9266598224639893,3.108623623847961,1.8364324525214748,2.6836448528078978,2.1388634147048315,-0.0399643061682582
Stairs,Student1,13,-5.182664211688936,4.439993500709535,-1.509384133861214,2.7081131405299064,7.545549380952865,2.3277512788772583,2.7579795122146606,2.2473228558559,2.408916044328401,2.5766760209007473,0.09212150890380136
Stairs,Student1,14,-3.257143893121183,4.649996817111969,-1.5371100529156625,2.6015841037663394,8.06858132141009,2.32486355304718,2.83858335018158,2.01292081449398,2.3301001701448367,2.2777868912044714,-0.27567414194345474
Stairs,Student1,15,-4.10186993978545,5.4438194036483765,-1.2187817698799073,2.726843559963023,7.187373071653395,2.138764500617981,2.7641890048980717,1.8193324581499875,2.7315836718123205,2.5632194567530515,-0.09059354662895194
Stairs,Student1,16,-4.596476434616744,5.316053152084351,-1.5159140470866113,2.4428772547290194,7.134182967931404,2.625121593475342,2.6902661323547363,2.1487935395705398,2.46235564245822,2.3651216100979484,-0.20125881582498545
Stairs,Student1,17,-3.0242129429943856,4.896364152431488,-1.2611151101533324,2.9121900626214687,8.262390586786344,2.4254571199417114,2.2587403059005737,1.9355639344252509,2.325119647067894,2.308505693599381,-0.0132224750705063
Stairs,Student1,18,-3.0789918502777813,4.900923371315002,-0.647981385423243,2.6891977199187034,7.504650822722912,2.1633996963500977,2.95581316947937,1.9916555386926982,2.5866206077935634,2.4680822555300246,-0.07571276649832714
Stairs,Student1,19,-7.417659937012195,5.661589980125427,-0.0042697672938512,3.378376217260212,7.551994300328713,2.07318377494812,2.03931188583374,2.1525060017875073,2.7401265271634605,2.354923562512443,-0.13568522036075586
Stairs,Student1,20,-3.027828064751625,4.853529214859009,-1.0685936195652932,2.5122462302377913,7.796460735863074,2.452741503715515,2.5537108182907104,2.080499391808638,3.070041776002846,2.589923206267792,-0.189529713243246
Stairs,Student1,21,-4.291931616131215,4.911787629127502,-1.8965623735003168,1.9156763306246138,8.260081506126372,2.521361470222473,2.768785238265991,1.8077595401946323,2.568785562439387,2.342698363735882,0.15820177458226675
Stairs,Student1,22,-4.156518498687445,5.188701868057251,-1.6365177909985182,2.1762548282068686,8.118637291824816,2.453022003173828,2.496899962425232,1.7515888347365594,2.210408590431653,2.241210596410206,0.126628128811717
Stairs,Student1,23,-4.827481823508441,3.478807508945465,-1.521934549485147,1.9931209737963274,7.26477823676467,1.7647439241409302,2.125693082809448,2.0585398564772297,2.686187381484737,2.539930795412654,-0.1655780281871557
Stairs,Student1,24,-5.418752895194292,5.013803005218506,-0.7057797135930508,2.0177305600616844,6.734503997028991,2.128218531608581,2.9736114740371704,2.016196276081797,2.791112009790131,2.6027860326961423,-0.0819046348333358
Stairs,Student2,0,-5.980530738830566,5.547369043032329,-7.598936080932617,2.7963621467351913,7.471358336508274,3.364798426628113,1.3790282607078552,1.9646275836607197,3.0419783857563485,2.4520085469567126,0.15470162220299238
Stairs,Student2,1,-6.042627811431885,5.896987736225128,-7.753541946411133,2.400274828076363,7.773581403307617,2.665663242340088,1.6108516454696655,2.657309959714397,3.0849773537705976,2.577871892026369,-0.0945313954725861
Stairs,Student2,2,-6.705319881439209,3.9361102283000946,-8.041383266448975,2.595647506415844,9.020588666200638,3.64976704120636,1.751961529254913,2.5418404088522206,3.3038497346923155,2.97565458111213,0.31902437284588814
Stairs,Student2,3,-5.509289264678955,4.372267961502075,-8.273002624511719,3.2643952295184135,8.049690119922161,3.080135226249695,1.8524488210678105,1.7563640823705577,2.6462565524505224,2.3166034453593665,0.36789359152317047
Stairs,Student2,4,-4.388009309768677,6.88597846031189,-7.431884765625,3.131006881594658,7.777514323592186,2.270051598548889,0.6502660512924194,1.9103118104590517,2.788394255148326,2.126382457761816,-0.019547688571037697
Stairs,Student2,5,-4.498533248901367,4.907996773719788,-7.257108688354492,2.0369527339935303,7.540576681494713,2.8928288221359253,1.0060950815677645,2.1064304562446297,3.2727483134900277,2.2921579627389796,0.12599095888435835
Stairs,Student2,6,-6.029657363891602,7.0527446269989005,-7.603891134262085,2.6211155280470844,7.596626111655496,2.5538748502731323,1.7153096199035645,2.03266606753108,2.8163787947182963,2.261733320874664,-0.00305432634195305
Stairs,Student2,7,-6.685584783554077,5.664247810840607,-7.859479665756226,3.562058687210083,7.980283096432686,2.8226555585861206,1.577254056930542,1.7363134695928228,2.389074204949081,2.1754872017118365,0.00641408516094085
Stairs,Student2,8,-6.149112939834595,5.975789368152618,-7.4080212116241455,3.573835819959641,7.670146927237511,2.7551549673080444,1.8774943351745603,2.0936157186755495,2.6722474904981524,2.133144278336228,0.01298088650219135
Stairs,Student2,9,-5.656057834625244,5.157229721546173,-0.8091244399547577,1.1226631626486778,6.224534243345261,1.975003719329834,4.844466924667358,2.1568054708063626,3.4405069464966234,3.168227216349866,0.239611892029643
Stairs,Student2,10,-4.279033184051514,4.275751292705536,-6.644028902053833,2.212885744869709,7.109786167740822,2.0577759742736816,0.8869763314723969,1.6235814172429455,2.706683501694555,2.230215560646721,-0.01725694257766
Stairs,Student2,11,-5.634034872055054,5.762291729450226,-8.180191040039062,3.657958626747132,8.652844786643982,2.932611346244812,1.8976528644561768,2.2361194808911855,2.9595139538676487,2.2323050134471867,0.19685132987797255
Stairs,Student2,12,-5.184201002120972,3.707035720348358,-6.799532413482666,2.1955939903855324,7.222849905490875,2.043726086616516,0.9214902222156524,2.498531038060749,3.5419608580701736,2.474245551921183,0.19074267148971547
Stairs,Student2,13,-19.720314025878903,5.660582721233368,-6.79194450378418,2.75632077952226,7.347251266241074,2.1390973329544067,1.7452420592308044,2.390151583579415,2.9224325413937606,2.5754233923546574,0.0998764671385288
Stairs,Student2,14,-5.865927457809448,6.794043183326721,-7.403168439865112,2.7003593295812607,7.759874165058136,2.541046619415283,1.8961257338523865,2.0427931650792193,3.0231599245287892,2.052167062150784,-0.12125675007700915
Stairs,Student2,15,-4.259413957595825,4.469700992107391,-7.61331033706665,2.3168859779834747,7.365530326962471,2.7698158025741577,1.2470813989639282,2.0046308550635312,2.8237288565345717,2.3566918641942385,0.0598647939041256
Stairs,Student2,16,-3.538205623626709,3.3579262495040894,-6.525118112564087,2.019429761916399,6.892827391624451,2.1096994280815125,1.062905490398407,1.7284792958678599,2.951508827090906,2.1948178309676614,-0.0236710291355848
Stairs,Student2,17,-3.7698099613189697,3.735746383666993,-6.437504053115845,1.8434381186962128,6.933560028672218,1.8012125492095947,1.2150110006332395,1.7362456909913297,2.6196384848127288,1.9911624509081256,0.29168815165758133
Stairs,Student2,18,-4.993242979049683,4.683198392391205,-7.457701206207275,2.8913721591234207,7.767143294215202,2.8703030347824097,1.3173308968544006,1.8504635738982553,2.980506760962143,2.6416674688929334,0.07330382871441535
Stairs,Student2,19,-4.688224792480469,4.092186272144318,-6.967226266860962,2.2951155304908752,7.267249956727028,2.637181520462036,1.4162910580635073,2.1260993400047363,3.3758204096774334,2.4766502295907444,0.14966198429465288
Stairs,Student2,20,-5.090726613998413,4.896084904670715,-7.45713472366333,2.3406422585248947,7.228906761854887,2.2740986347198486,1.4407256841659546,2.129337251975409,2.7449544775572137,2.3385974648551655,-0.047494773287326
Stairs,Student2,21,-4.902829647064209,6.066502720117569,-8.098246574401855,2.6165329813957214,8.338216319680214,2.638479709625244,1.4764613509178162,1.8545756445305566,2.988593454857253,2.7334638201104022,0.1577559504657983
Stairs,Student2,22,-5.579867601394653,5.515807628631592,-7.569139957427978,2.1276204958558083,7.4903025664389125,2.3764185905456543,1.483486294746399,2.070350630198534,2.7368559704942803,2.1051523729356405,-0.00503963814117005
Stairs,Student2,23,-5.934701204299927,5.656917631626129,-7.284410953521728,2.864603579044342,16.45669317245483,4.708702087402344,1.0039570331573486,1.7016255316680295,3.3089291412309927,3.1226802943955585,-0.34727688878774643
Stairs,Student2,24,-7.130682706832886,5.145317912101746,-7.716328620910644,2.822872295975685,7.444731250405311,2.618626594543457,1.1371256709098816,1.853673671552353,3.091089840969259,2.4347956497308467,0.21700988089044881
Stand,Student1,0,-0.8928186080515383,1.997129738330841,0.6550400717630982,0.3293543751692398,6.895611454634368,0.3068632632493973,0.0727839022874831,1.032459785052446,2.6751754235458556,2.7811549218654372,-0.30887696892023087
Stand,Student1,1,-1.0755039834756404,1.2037702798843384,2.794848891568929,0.6835740192648022,6.393777054376155,0.379768818616867,0.1165279857814311,1.292407863941654,2.7683496961263923,2.881233716171308,-0.16796367615461338
Stand,Student1,2,-1.1363904869191348,2.0223734080791473,2.5765964551359417,0.24635321668181553,4.851606210939586,0.0747782848775386,0.0037515715230256,0.9140304589820462,2.6793514719554326,2.9781360707297257,-0.32175737619400024
Stand,Student1,3,-0.8224496251873672,1.5648683905601501,2.9247334548495707,0.31985030497126277,4.011750692921131,0.217441901564598,0.1829774901270865,0.8277772725074164,3.0602481774817445,3.100564394290923,-0.244849007576704
Stand,Student1,4,-0.7555445921067148,1.524948388338089,2.185587989684194,0.2799575262503696,5.5442852546148,0.186937890946865,0.0343260914087295,0.35786431380759415,2.5630496011543737,2.7131175457303187,-0.38619687408208836
Stand,Student1,5,-0.9214486363388597,1.6107868552207947,1.9803838353946803,0.3550170050183309,6.1030035716116435,0.1230129040777683,0.0337269268929958,0.49267907234929104,3.04394226195172,2.658839775267971,-0.3133882135152817
Stand,Student1,6,-1.567762819202244,1.85636106133461,2.5227551209636028,0.44579782106392074,6.249761382151395,0.3229037672281265,0.1122467964887618,0.9865636732372605,3.0948728826508347,2.8506001118535425,-0.12834449484944335
Stand,Student1,7,-1.1581612969614563,1.7655262351036072,2.6962114072062078,0.32401969961039706,5.196075335795431,0.0681220702826976,0.0273008737713097,0.7174808603099392,2.705814326545651,2.560701079233961,-0.2768263109028339
Stand,Student1,8,-1.5915322557158769,1.6666605472564697,2.689576937627792,0.19355039524435982,3.674546006110311,0.0927274860441684,0.0237360429018735,0.8815676386263124,3.1168200479462804,2.539892910422126,-0.3699519410729408
Stand,Student1,9,-1.15868590535745,2.1363877058029175,0.9558437309589236,0.44515788832572273,7.042160225533321,0.6692700386047363,0.3007453829050064,0.9197392426851655,2.6407821091048316,2.8564888639944246,-0.13738023489713663
Stand,Student1,10,-0.921782836729288,1.9620461165904999,1.8336955098945649,0.4525855327977486,5.572250900709257,0.0412735361605881,0.0373759046196937,0.8625921942121149,3.0008535394671236,2.819458892991777,-0.367507055401802
Stand,Student1,11,-2.127600641748309,2.2305188179016113,1.532101284842938,0.5041437183802016,7.061144108270852,0.7949607372283936,0.5456899702548981,0.93444096967111,3.0069515227317467,3.158666149056026,-0.16764730215072626
Stand,Student1,12,-1.1873017589889463,2.8488802313804626,2.339385927993804,0.5471637805424628,6.54332902567908,0.3972112834453583,0.080136714503169,1.4655417191907685,2.9922850735800743,3.055034855008151,-0.10058975219726554
Stand,Student1,13,-0.9047312372285872,1.0360665023326874,1.1067026566745712,0.5535453804715069,7.144768111364357,0.399815946817398,0.2538072615861892,0.8342519851194614,2.884644744837957,2.3519355937415503,-0.2255104146897792
Stand,Student1,14,-0.902023366509378,1.8173082172870636,0.6234136746713892,0.2695673482670913,7.249722962180337,0.232679471373558,0.176194667816162,0.5917171135636888,2.5193341259408952,2.6854181570912314,-0.25840575248003006
Stand,Student1,15,-1.4328821037796635,1.2032315582036972,1.4187095912016927,0.15099891870822746,3.266927328249812,0.2446775063872336,0.0074216285720466,1.8332383468643327,2.947065287108501,2.858343310202633,-0.09066312015056599
Stand,Student1,16,-1.7658309841319917,1.4283278584480286,0.182307838215446,0.3287214886597589,2.699310697528952,0.2046602591872214,0.2189918905496597,0.9986455956755597,2.7668002948887827,2.7637353335889383,-0.19488047808408732
Stand,Student1,17,-0.9680302086412906,1.310340017080307,1.4674468802332878,0.22869948656950134,4.5604263393312685,0.0419757142663001,0.189957320690155,0.6128828657667628,2.7750297700754674,3.031903798514354,-0.27560942992568016
Stand,Student1,18,-1.1601003022000191,1.810124009847641,1.307391927355528,0.2812569184111431,2.309416029404848,0.2063717916607856,0.0910873897373676,1.0825568038787505,2.857860064955999,2.6705215036842027,-0.11887924000620839
Stand,Student1,19,-1.0449505128450691,1.7952730357646942,2.596765967461467,0.24609745182245954,5.031095639866589,0.0171124497428536,0.0612546578049659,0.5987721891987775,2.9087758457959687,2.9750965102981297,-0.28401385992765427
Stand,Student1,20,-1.4510850896276533,1.577932208776474,2.7625506961628794,0.31362260174037254,5.4620703511342406,0.1513657867908477,0.0860576331615447,0.677624522352335,3.098613885546809,2.7725195412692307,-0.19700547307729716
Stand,Student1,21,-1.838375411339104,3.0922247767448425,-0.4059093349256553,0.36255028659999355,2.546399561124388,0.2798771113157272,0.5650589764118195,1.1351334260202504,2.6300157763072587,2.6561837379310425,-0.131960242986679
Stand,Student1,22,-1.2084534142196175,1.8132005035877228,1.5863365867689252,0.46894507055859996,7.444069512771072,0.3669176846742629,0.1685989424586296,1.1305106384694927,2.9520593214968485,2.9709884251657614,-0.162114106118679
Stand,Student1,23,-1.6877231749991577,1.5979669690132141,2.4171008409964543,0.33738026257343584,2.8501553785679237,0.1011877246201037,-0.0224912301637231,0.9686884877430386,2.883003252924373,2.4765603806064007,-0.25110652297735203
Stand,Student1,24,-1.368096717556566,2.3178224563598633,1.2629312196645883,0.3465845826398579,6.92547957334928,0.3293653875589371,0.4173187613487243,1.3725476222989639,3.1530448898048227,2.491662758103582,-0.22374828159809107
Stand,Student2,0,-3.212376912434896,2.0547470400730767,0.3304799199104308,0.09951461354891444,2.34812460343043,0.276263803243637,0.019369519005219,1.4886018826427136,2.683440224269716,2.305800040698739,-0.0109701218704382
Stand,Student2,1,-2.560198783874512,1.8820758163928986,1.3208125233650208,0.11423152685165396,2.302754978338877,0.3590360432863235,0.0127518121153115,1.4748302965961306,2.807352404206125,2.2896654928060602,-0.0193186127580702
Stand,Student2,2,-0.6643331348896027,1.0100656896829605,9.162535031636557,0.09499835968017564,0.3769699732462559,0.3944662362337112,0.3425426930189132,2.136907847761458,2.646130349044689,2.7750629722027456,0.0047342055477201
Stand,Student2,3,-1.1689991354942322,2.1652118563652034,9.420090993245443,0.1770505507787068,0.268405119578043,0.4124867469072342,0.5584835410118103,2.1927578468230706,2.15167686341697,2.548873608189203,0.0019853119738399
Stand,Student2,4,-0.4255270957946777,1.2447397609551747,0.2715569833914439,0.12644024689992256,1.1016402939955392,0.5708026687304179,1.2131529649098711,1.81920237042148,2.916976730618463,2.5726852523096593,0.0018071429949486
Stand,Student2,5,-2.6030445098876958,2.0946568362414837,1.488609254360199,0.03821039199829102,1.7417729496955872,0.2838996350765228,0.0115300817415118,2.8053348933975726,3.652501149763262,2.6310268212006735,-0.001756237616064
Stand,Student2,6,-1.9643271764119463,1.694743831952413,1.1334495544433594,0.13654684027036018,2.6543190479278564,0.3133229712645212,0.0083739445544779,0.7326452585645482,2.4231527792988916,2.295140727120544,-0.09547314668695125
Stand,Student2,7,-1.9375593662261963,1.0925324857234955,0.7040219108263651,0.0978745147585867,0.8837771614392599,0.8703302443027496,1.2187525033950806,1.3975769813203034,2.9143166783374017,2.320201676349393,0.014940745973338651
Stand,Student2,8,-0.4893456995487213,0.9364564418792725,9.470065116882324,0.25444376468658436,0.27892208099365234,0.2936734706163406,0.134237639605999,2.02239110483796,1.8677276872778588,2.3419016499767027,-0.0074321938833841
Stand,Student2,9,-2.621260166168213,2.5433374643325806,0.9163223206996918,0.2010190933942793,2.090500146150589,0.4097378700971603,0.1297325044870376,1.1223719529903455,2.9502162059320933,2.054292825631498,-0.0475711300969123
Stand,Student2,10,-1.430046876271566,1.0688105424245198,0.2866007785002391,0.15023661529024424,0.8039615253607431,0.6514368653297424,1.4585171540578206,1.7457173187157422,2.886616586285348,2.236214678210401,0.0002799799209848
Stand,Student2,11,-2.8295398273304104,1.5017288774251938,2.2478041342962536,0.3095863197840749,5.556001192175969,0.1360060349106788,0.4240362048149109,0.9101265368720136,2.910298212661258,2.8641032202698002,-0.12150621414184565
Stand,Student2,12,-3.351827621459961,1.9602666099866228,0.4022718966007232,0.11228824158509554,2.802909940481186,0.2677116990089416,0.0519489981234073,0.8163445735695118,2.780961814781864,2.426892244926789,-0.07388924310604725
Stand,Student2,13,-2.0259501139322915,1.528181234995524,0.2798373798529306,0.33000402276714635,1.7635313570499425,0.5457571943600973,1.4542410771052043,0.7039224343089483,2.3807687190162583,2.2658735830041987,0.23149247467517844
Stand,Student2,14,-2.0916821161905923,2.2756765882174177,0.3578209280967712,0.3237234453360237,3.4437118967374167,0.3338887592156728,0.1598685284455616,0.9835342240185073,2.5793410135542505,1.9280959288052373,-0.15706872443358094
Stand,Student2,15,-0.8307572901248932,0.748920775949955,8.991742610931396,0.1744179725646971,0.10616302490234375,0.4261548668146133,0.351171150803566,2.0933011068599963,2.884482920379632,2.7517049848573665,-0.00175623763546655
Stand,Student2,16,-0.7956888675689697,1.8383989334106445,8.899583339691162,0.0622127056121825,0.5134391784667987,0.4958698451519012,0.3872122168540954,2.0467792385651817,2.780787118065749,2.5413378363489705,0.00017816902012169998
Stand,Student2,17,-1.112369418144226,1.9840902984142303,9.177434921264648,0.7747265497843424,0.5133552551269531,0.6223189532756805,0.2493857368826866,2.1500774399489293,2.220870635528529,2.8168837756284035,0.0005599598031646
Stand,Student2,18,-1.6344172954559326,1.7220291197299957,9.476556301116943,0.2765973409016926,0.21730518341064453,0.9152288436889648,0.2360230609774589,2.255308646039171,2.5600341496304,2.4893042435419046,0.00114537230304745
Stand,Student2,19,-0.4457722902297973,0.9935723096132277,5.469826459884644,0.23891645669937125,2.616725842157998,0.9582948684692384,0.0441350135952234,1.6319276077918745,3.0085370149806905,3.6004126993671415,-0.00244346103863785
Stand,Student2,20,-2.7060418128967285,2.054645225405693,0.8599398136138916,0.05432221293449402,2.4605244398117065,0.4576907902956009,0.0194713296368717,1.7970045125642025,2.6512237931381777,2.7321663552199618,-0.00038179076364025
Stand,Student2,21,-0.7442541420459747,0.9563095569610596,8.96306037902832,0.33551192283630354,0.3438563346862793,0.7814493477344513,0.3465896695852279,2.7220891925463278,3.0773641991377536,2.7489507983206094,0.00165442666305645
Stand,Student2,22,-1.6976016362508135,1.330668121576309,0.9105644623438518,0.13724133869012178,1.5062640905380247,0.6174320578575134,1.1604148944218953,0.8369730411838283,3.110830244171335,1.9780830020018434,0.032350405119359396
Stand,Student2,23,-0.8896781206130981,1.1417071521282196,8.429834842681885,0.33696126937866194,0.2328948974609375,0.579558402299881,0.1761582642793654,2.163573836611431,2.846616636428306,2.624984059630599,-0.0016035213193389998
Stand,Student2,24,-2.3397603034973145,1.5091426074504852,0.548097550868988,0.12174962460994712,1.9304859042167664,0.2438879460096359,0.0158061385154723,0.758827586847211,2.7871285023711225,2.259516240102123,-0.14072807878255839
Walking,Student1,0,-6.461423042017222,7.246906518936157,-2.222787839526683,5.7922424724271515,5.172204630864411,2.982885241508484,1.5162537097930908,2.729204305050584,2.671794447237126,2.936346196994521,0.1378396447980776
Walking,Student1,1,-6.236072317886352,6.285910129547119,-2.259304164084419,5.104519735985063,5.213866209356114,3.163983106613159,1.7641336917877195,2.7540960546799287,2.331111426543568,2.9201408215122893,0.0320687309140339
Walking,Student1,2,-5.9316503951281305,5.96337229013443,-1.8983936805807056,5.018356661134306,5.105666896726191,3.1944843530654907,1.6538876295089722,2.9990066078580773,2.2657555308449786,2.836957767306343,0.14068935764953483
Walking,Student1,3,-6.202569568996131,8.830586910247803,-2.062391233604401,5.262069574174099,4.589503965255618,3.427061676979065,1.6407553553581238,2.612810844406371,2.3073811507368736,2.7767291796411824,0.05855076201260085
Walking,Student1,4,-6.390090620948374,6.544702053070068,-2.113339915075153,5.553269821850163,5.287479507903754,3.2265493869781494,1.629764437675476,2.569268544640904,2.662148868499764,2.929887516835594,0.05506656691431995
Walking,Student1,5,-6.194417534461618,6.841437578201294,-2.028721676779911,5.480576277629099,4.672907128672675,3.2695950269699097,1.863318741321564,2.3441010852635316,2.4828606633375987,2.850107180206975,0.017672343994490698
Walking,Student1,6,-7.702310991373658,8.71962058544159,-2.219713400517404,6.04541859393157,5.052038766913116,2.8501323461532597,2.142908811569214,2.508291098727082,2.645899086951354,2.760940295236501,-0.1110866907984018
Walking,Student1,7,-6.609534459123015,5.4374377727508545,-2.2031988305028527,4.076232261714525,5.127429596527293,2.76240074634552,1.470333695411682,2.5670294808710996,2.531548809915815,2.8227063239544394,-0.0924593936651944
Walking,Student1,8,-5.798576095895469,7.123645186424255,-2.2442460764884946,5.462253196887858,5.019384159284829,3.224432349205017,2.0931800603866577,2.5028951163360347,2.4311763601477416,2.800972788177256,0.26439628005027765
Walking,Student1,9,-7.282333182677625,7.347148418426515,-2.184130849678442,4.4848971789586365,4.899236050185934,2.957034945487976,1.7902101278305054,2.649799827584463,2.792263890191466,2.7329110283685782,0.16858799755573264
Walking,Student1,10,-6.777205732223392,8.597072720527649,-2.202996878189966,5.7530121579366735,5.31417849506326,2.937368710835775,2.0480933785438538,2.409515999074958,2.467576719095288,2.970958879923546,0.09665646729990834
Walking,Student1,11,-5.47847525022924,6.75600790977478,-2.0638523921981453,4.51931963650966,5.259317097128182,2.659583330154419,1.3382537364959717,2.7394974581743643,2.461245232194387,2.778847159415223,0.01651790924370285
Walking,Student1,12,-5.731809375306963,5.005768656730652,-2.103539017355069,3.284369150910806,4.936991488084569,2.4271401166915894,0.96860271692276,2.683819306294339,2.2974926866048855,2.7159294533585228,-0.11779317446053025
Walking,Student1,13,-6.4550459082007405,7.666742444038393,-2.186075700135901,5.602997336628659,4.706915196736529,3.4724156856536865,1.853521764278412,2.4951483056784722,2.5902532188089262,2.9260679109830323,0.12458804063498966
Walking,Student1,14,-6.574422813731431,6.955309867858887,-2.3207675175677984,5.38252764427131,4.740600097260624,3.0175126791000366,1.9112729430198672,2.3638076130249965,2.6119403486302124,3.0885974601810107,-0.1140337409451603
Walking,Student1,15,-6.3946817481309175,7.266614675521851,-2.083012727481127,4.477496766509022,4.716358951582015,3.277540326118469,1.7372880578041077,2.6863803776239226,2.4092366027879333,2.871073191072955,0.09121586196124545
Walking,Student1,16,-6.061180445882679,7.720804572105408,-2.172910878940672,4.8826144030677145,4.9299694074280564,3.282684564590454,1.648754000663757,2.538802200095534,2.6329828227338505,2.7829362891894034,0.2543081566691398
Walking,Student1,17,-5.996203823581338,7.9864661693573,-2.04316148634702,5.493110746765231,4.56152582500577,3.444035530090332,1.9347653985023496,2.6084039274850745,2.6977084294439413,2.9714569062829304,-0.01308053405955435
Walking,Student1,18,-5.962831423072517,4.763345003128052,-2.211260191079229,3.418960923768021,5.332405568084122,3.0655553340911865,1.0448192954063416,2.527067666869356,2.938032517746915,2.989870122349619,-0.04856946133077135
Walking,Student1,19,-6.804793119589984,5.980915665626526,-2.108684855810925,5.737788394917641,4.947709573714807,3.1763570308685303,1.878811836242676,2.4089042421733984,2.580068680659109,2.727736611921788,0.11541150137782086
Walking,Student1,20,-5.571684864324331,5.659123778343201,-1.950811411690712,5.000744103282596,4.7634902667216945,3.149975180625916,1.4925907850265503,2.5384109388271323,2.3823520808406315,2.6626566149606568,0.22338668256998057
Walking,Student1,21,-6.856666806951164,6.820077657699585,-2.117547449767589,4.851204434338817,5.159223714868723,3.113816618919373,1.2055495977401731,2.3580995528259474,2.600372707539955,2.6898618610081138,0.19646891579031933
Walking,Student1,22,-7.163947041749953,8.594390034675598,-2.2839311672754588,4.5023686295729135,4.981834473091364,2.96046781539917,2.0146504044532776,2.579977121829493,2.3081506824886135,2.7524416346618437,0.2712442353367805
Walking,Student1,23,-5.811686629620194,5.908010840415955,-1.9159668197374795,4.3732302815496915,4.5535530194956815,2.813159704208374,1.6678416728973389,2.6295010959570537,2.4564767668497587,2.72770762009042,-0.12051424197852606
Walking,Student1,24,-6.335316243709624,5.842770457267761,-2.1846634952504185,5.047131997910142,4.993992309201136,2.8573765754699707,0.9973413050174712,2.1955326199218765,2.4579322577727805,2.6484306775430784,0.06693100766278795
Walking,Student2,0,-4.784852027893066,11.21273684501648,-3.584690809249878,3.3912983015179634,4.414690434932709,1.7649424076080322,1.4814245700836182,2.7976914168319404,2.8762680008100023,2.96452971052679,-0.2464077658951282
Walking,Student2,1,-6.555222034454346,5.705175995826721,-5.117921829223633,5.702267110347748,6.663827955722809,2.346791505813598,1.520239988962809,2.7931923736827575,2.384530338831457,2.6116519249983825,-0.055436019902117495
Walking,Student2,2,-7.651380300521851,4.597677230834961,0.0360930589959024,1.7413318157196045,2.99307042080909,1.1690433621406555,6.316422939300537,2.785735038432334,3.415857548616033,3.0493910002392206,0.0823904478456825
Walking,Student2,3,-8.313795328140259,6.823975563049316,-4.939197540283203,5.087797582149506,6.354028165340424,2.214844584465027,1.5112806558609009,2.9324651880587678,2.7514496652920726,2.9192840107345153,-0.0464257583953439
Walking,Student2,4,-10.672296524047852,5.0081787109375,-5.292119741439819,5.20543359965086,6.547483325004578,2.611907124519348,1.9413297176361084,2.708917668199925,2.19088231653566,2.718524454449964,-0.1091921655461191
Walking,Student2,5,-5.563539028167725,4.949841022491455,-5.012232065200806,4.40018105506897,6.136104047298431,1.6635388135910034,1.77670156955719,2.217007430951217,1.9843364811184632,2.6847919067940778,-0.10140363126993175
Walking,Student2,6,-9.411962509155272,6.120258927345276,-5.035841464996338,5.439557373523712,6.409465253353119,2.55143141746521,1.511280596256256,2.9263067714787354,2.4933670440699514,2.4664496447046083,-0.0016798796132207001
Walking,Student2,7,-3.713757634162903,4.701524376869202,-4.32202410697937,2.7216765135526657,5.841831624507904,1.4698944687843325,0.6689738035202026,2.2799328483559878,2.290967927731692,2.3776308911796837,0.0217620737385004
Walking,Student2,8,-10.834486484527588,4.921130478382111,-4.719546556472778,5.318790048360825,6.08736389875412,2.486679792404175,2.2269092798233032,2.749572363125141,2.5018963262643235,2.9130509173787793,-0.14172073546797032
Walking,Student2,9,-3.4016671180725098,9.246667385101318,-4.178801536560059,3.2643695920705795,6.094897508621216,1.62047278881073,5.624007225036621,2.1474265487614783,2.189317999534976,2.795119207796615,0.07719809375703325
Walking,Student2,10,-6.515687465667725,4.845077753067017,-4.686873435974121,4.156467601656914,6.307044804096222,1.8522961735725405,1.1115456223487854,2.93493225318538,1.8528345810356965,2.3655661247110227,0.035862878896296
Walking,Student2,11,-5.580394268035889,5.219232738018036,-4.945565938949585,4.979443997144699,6.186116814613342,1.9753854870796204,1.9333884716033936,2.615002123097672,2.3396326558102842,2.6095248099631716,-0.01802052592393005
Walking,Student2,12,-8.380477905273438,5.512753486633301,-4.856489896774292,4.56947785615921,6.279277920722961,2.2188152074813843,1.6792685389518738,2.8313547467795397,2.4702700139466427,2.8696657297635384,0.04245513392379495
Walking,Student2,13,-7.743419408798218,5.819407820701599,-4.626312494277954,3.401196636259556,6.506464898586273,2.153452754020691,1.2547935843467712,2.756744750652106,2.1189938618253317,2.4235738738355947,-0.03000875376164905
Walking,Student2,14,-5.580440521240234,11.903625965118408,-3.3710676431655884,4.731031745672226,13.14112913608551,8.51255989074707,3.2346078157424927,1.6262712509117947,2.7434101939375277,2.8076612007461854,-0.16485725529491901
Walking,Student2,15,-7.551677942276001,5.664247989654541,-4.634311437606812,4.792226225137711,6.2565839290618905,2.066099047660828,1.500895857810974,2.780609512810526,2.490105954274901,2.721729264307942,-0.07513642404228446
Walking,Student2,16,-8.674083709716797,5.731748580932617,-4.869836091995239,6.45401394367218,6.393292427062988,2.305558204650879,2.1258111000061035,2.666241762745811,2.6341420853566424,2.8028694765256867,-0.17394387489184734
Walking,Student2,17,-7.118875503540039,7.0209797620773315,-4.740495920181274,5.406342953443527,6.183044254779816,2.2227858304977417,1.329853653907776,3.2151666066865485,2.3913205116489302,2.605388645832166,-0.0963639933615922
Walking,Student2,18,-7.9984657764434814,6.164852142333984,-4.814017295837402,4.790557295084,6.153611719608307,2.223091244697571,1.806328535079956,2.6697789515110695,2.593346971434827,2.6246103116493225,-0.04581489413976665
Walking,Student2,19,-6.905836820602417,5.935472130775452,-5.100733757019043,5.577614724636078,6.381633818149567,2.4604125022888184,1.23700213432312,3.2107763005728276,2.316136530109634,2.6393088979971506,-0.05009095370769495
Walking,Student2,20,-7.894448280334473,5.0271155834198,-4.874260663986206,5.411231637001038,6.379434645175934,2.0941988229751587,1.6609426140785215,2.7065177059082814,2.378186909268912,2.6319511553711883,-0.11499538086354726
Walking,Student2,21,-6.209784030914307,5.48312646150589,-4.351663827896118,3.4612555652856827,6.475217580795288,1.8803959488868716,0.9175959527492524,2.9344698079405838,2.009767288209457,2.4247150357279135,0.16684256866574282
Walking,Student2,22,-6.656892776489258,4.732678532600403,-5.217508554458618,4.456621468067169,6.475364983081818,2.2237021923065186,1.739133358001709,2.3225867974399503,2.2712504424048983,2.8273649636393094,0.0471893397625535
Walking,Student2,23,-8.380375862121582,5.25435745716095,-5.096700429916382,5.944526821374893,6.2149598598480225,2.230421781539917,1.31122225522995,2.8667136804050584,2.520307387346319,2.6393979484366707,-0.1469130907207727
Walking,Student2,24,-9.59344482421875,6.3578855991363525,-4.946322917938232,6.031230375170708,6.2252203822135925,2.1302398443222046,1.8014416098594663,3.044247108565661,2.3596889491868627,2.671399701681255,-0.1780672185122966
